{
    "name": "root",
    "gauges": {
        "MyBehavior.Policy.Entropy.mean": {
            "value": 1.7825359106063843,
            "min": 1.7188384532928467,
            "max": 1.7843824625015259,
            "count": 29
        },
        "MyBehavior.Policy.Entropy.sum": {
            "value": 17807.533203125,
            "min": 17160.8828125,
            "max": 17917.783203125,
            "count": 29
        },
        "MyBehavior.Step.mean": {
            "value": 289944.0,
            "min": 9972.0,
            "max": 289944.0,
            "count": 29
        },
        "MyBehavior.Step.sum": {
            "value": 289944.0,
            "min": 9972.0,
            "max": 289944.0,
            "count": 29
        },
        "MyBehavior.Policy.ExtrinsicValueEstimate.mean": {
            "value": 0.013533379882574081,
            "min": -0.23561596870422363,
            "max": 0.5563083291053772,
            "count": 29
        },
        "MyBehavior.Policy.ExtrinsicValueEstimate.sum": {
            "value": 2.1247406005859375,
            "min": -36.7560920715332,
            "max": 86.78410339355469,
            "count": 29
        },
        "MyBehavior.Losses.PolicyLoss.mean": {
            "value": 0.2916862527296568,
            "min": 0.008161549904832135,
            "max": 0.41893550674258556,
            "count": 29
        },
        "MyBehavior.Losses.PolicyLoss.sum": {
            "value": 2.9168625272965683,
            "min": 0.07345394914348921,
            "max": 3.787907908670604,
            "count": 29
        },
        "MyBehavior.Losses.ValueLoss.mean": {
            "value": 0.023233816831452713,
            "min": 9.815550274490845e-06,
            "max": 0.037257419611015155,
            "count": 29
        },
        "MyBehavior.Losses.ValueLoss.sum": {
            "value": 0.23233816831452714,
            "min": 9.815550274490845e-05,
            "max": 0.3353167764991364,
            "count": 29
        },
        "MyBehavior.Policy.LearningRate.mean": {
            "value": 0.00029145306284898,
            "min": 0.00029145306284898,
            "max": 0.0002998368000544,
            "count": 29
        },
        "MyBehavior.Policy.LearningRate.sum": {
            "value": 0.0029145306284898,
            "min": 0.00262585199471601,
            "max": 0.00298649136450288,
            "count": 29
        },
        "MyBehavior.Policy.Epsilon.mean": {
            "value": 0.19715102,
            "min": 0.19715102,
            "max": 0.19994560000000003,
            "count": 29
        },
        "MyBehavior.Policy.Epsilon.sum": {
            "value": 1.9715102000000002,
            "min": 1.7752839900000001,
            "max": 1.9954971200000002,
            "count": 29
        },
        "MyBehavior.Policy.Beta.mean": {
            "value": 0.029145590898,
            "min": 0.029145590898,
            "max": 0.02998368544,
            "count": 29
        },
        "MyBehavior.Policy.Beta.sum": {
            "value": 0.29145590898,
            "min": 0.26258766860099997,
            "max": 0.298649586288,
            "count": 29
        },
        "MyBehavior.Environment.EpisodeLength.mean": {
            "value": 3563.6666666666665,
            "min": 2595.6666666666665,
            "max": 7999.0,
            "count": 29
        },
        "MyBehavior.Environment.EpisodeLength.sum": {
            "value": 10691.0,
            "min": 5305.0,
            "max": 17168.0,
            "count": 29
        },
        "MyBehavior.Environment.CumulativeReward.mean": {
            "value": -9.445505862745145,
            "min": -27.999942778609693,
            "max": 5.0055794417858124e-05,
            "count": 29
        },
        "MyBehavior.Environment.CumulativeReward.sum": {
            "value": -28.336517588235438,
            "min": -41.5160395372659,
            "max": 5.0055794417858124e-05,
            "count": 29
        },
        "MyBehavior.Policy.ExtrinsicReward.mean": {
            "value": -9.445505862745145,
            "min": -27.999942778609693,
            "max": 5.0055794417858124e-05,
            "count": 29
        },
        "MyBehavior.Policy.ExtrinsicReward.sum": {
            "value": -28.336517588235438,
            "min": -41.5160395372659,
            "max": 5.0055794417858124e-05,
            "count": 29
        },
        "MyBehavior.IsTraining.mean": {
            "value": 1.0,
            "min": 1.0,
            "max": 1.0,
            "count": 29
        },
        "MyBehavior.IsTraining.sum": {
            "value": 1.0,
            "min": 1.0,
            "max": 1.0,
            "count": 29
        }
    },
    "metadata": {
        "timer_format_version": "0.1.0",
        "start_time_seconds": "1652891950",
        "python_version": "3.7.11 (default, Jul 27 2021, 09:42:29) [MSC v.1916 64 bit (AMD64)]",
        "command_line_arguments": "C:\\Users\\kanga\\anaconda3\\envs\\ml-agents-r17\\Scripts\\mlagents-learn configuration.yaml --run-id=CheckPoints3",
        "mlagents_version": "0.28.0",
        "mlagents_envs_version": "0.28.0",
        "communication_protocol_version": "1.5.0",
        "pytorch_version": "1.7.1+cu110",
        "numpy_version": "1.21.5",
        "end_time_seconds": "1652895865"
    },
    "total": 3915.1326747,
    "count": 1,
    "self": 0.007755499999348103,
    "children": {
        "run_training.setup": {
            "total": 0.0901329999999998,
            "count": 1,
            "self": 0.0901329999999998
        },
        "TrainerController.start_learning": {
            "total": 3915.0347862000003,
            "count": 1,
            "self": 6.585988999925576,
            "children": {
                "TrainerController._reset_env": {
                    "total": 8.2636678,
                    "count": 1,
                    "self": 8.2636678
                },
                "TrainerController.advance": {
                    "total": 3899.9864351000747,
                    "count": 296128,
                    "self": 6.78072730005897,
                    "children": {
                        "env_step": {
                            "total": 3151.6219031999844,
                            "count": 296128,
                            "self": 1818.0315333998901,
                            "children": {
                                "SubprocessEnvManager._take_step": {
                                    "total": 1329.3173338000288,
                                    "count": 296128,
                                    "self": 20.896834000035142,
                                    "children": {
                                        "TorchPolicy.evaluate": {
                                            "total": 1308.4204997999936,
                                            "count": 296078,
                                            "self": 295.5781396999656,
                                            "children": {
                                                "TorchPolicy.sample_actions": {
                                                    "total": 1012.842360100028,
                                                    "count": 296078,
                                                    "self": 1012.842360100028
                                                }
                                            }
                                        }
                                    }
                                },
                                "workers": {
                                    "total": 4.273036000065456,
                                    "count": 296127,
                                    "self": 0.0,
                                    "children": {
                                        "worker_root": {
                                            "total": 3898.2189949999492,
                                            "count": 296127,
                                            "is_parallel": true,