{
    "name": "root",
    "metadata": {
        "timer_format_version": "0.1.0",
        "start_time_seconds": "1650818487",
        "python_version": "3.7.11 (default, Jul 27 2021, 09:42:29) [MSC v.1916 64 bit (AMD64)]",
        "command_line_arguments": "C:\\Users\\kanga\\anaconda3\\envs\\ml-agents-r17\\Scripts\\mlagents-learn configuration.yaml --run-id=AgentWith16Obs --resume",
        "mlagents_version": "0.28.0",
        "mlagents_envs_version": "0.28.0",
        "communication_protocol_version": "1.5.0",
        "pytorch_version": "1.7.1+cu110",
        "numpy_version": "1.21.5",
        "end_time_seconds": "1650818596"
    },
    "total": 108.9686173,
    "count": 1,
    "self": 0.005599399999994148,
    "children": {
        "run_training.setup": {
            "total": 0.08977049999999998,
            "count": 1,
            "self": 0.08977049999999998
        },
        "TrainerController.start_learning": {
            "total": 108.87324740000001,
            "count": 1,
            "self": 0.09019410000017558,
            "children": {
                "TrainerController._reset_env": {
                    "total": 22.5863791,
                    "count": 1,
                    "self": 22.5863791
                },
                "TrainerController.advance": {
                    "total": 85.73745569999983,
                    "count": 4279,
                    "self": 0.09062649999984274,
                    "children": {
                        "env_step": {
                            "total": 85.16425010000012,
                            "count": 4279,
                            "self": 67.43057990000061,
                            "children": {
                                "SubprocessEnvManager._take_step": {
                                    "total": 17.679394899999924,
                                    "count": 4279,
                                    "self": 0.3034433000000156,
                                    "children": {
                                        "TorchPolicy.evaluate": {
                                            "total": 17.375951599999908,
                                            "count": 4270,
                                            "self": 5.443833100000099,
                                            "children": {
                                                "TorchPolicy.sample_actions": {
                                                    "total": 11.93211849999981,
                                                    "count": 4270,
                                                    "self": 11.93211849999981
                                                }
                                            }
                                        }
                                    }
                                },
                                "workers": {
                                    "total": 0.0542752999995848,
                                    "count": 4278,
                                    "self": 0.0,
                                    "children": {
                                        "worker_root": {
                                            "total": 45.29038350000011,
                                            "count": 4278,
                                            "is_parallel": true,
                                            "self": 23.873549800000227,
                                            "children": {
                                                "steps_from_proto": {
                                                    "total": 0.0004290000000004568,
                                                    "count": 1,
                                                    "is_parallel": true,
                                                    "self": 0.00022409999999695174,
                                                    "children": {
                                                        "_process_rank_one_or_two_observation": {
                                                            "total": 0.00020490000000350506,
                                                            "count": 2,
                                                            "is_parallel": true,
                                                            "self": 0.00020490000000350506
                                                        }
                                                    }
                                                },
                                                "UnityEnvironment.step": {
                                                    "total": 21.416404699999884,
                                                    "count": 4278,
                                                    "is_parallel": true,
                                                    "self": 0.3957237999998817,
                                                    "children": {
                                                        "UnityEnvironment._generate_step_input": {
                                                            "total": 0.3735208000002821,
                                                            "count": 4278,
                                                            "is_parallel": true,
                                                            "self": 0.3735208000002821
                                                        },
                                                        "communicator.exchange": {
                                                            "total": 19.287536699999706,
                                                            "count": 4278,
                                                            "is_parallel": true,
                                                            "self": 19.287536699999706
                                                        },
                                                        "steps_from_proto": {
                                                            "total": 1.3596234000000145,
                                                            "count": 4278,
                                                            "is_parallel": true,
                                                            "self": 0.8796085000002023,
                                                            "children": {
                                                                "_process_rank_one_or_two_observation": {
                                                                    "total": 0.4800148999998122,
                                                                    "count": 8556,
                                                                    "is_parallel": true,
                                                                    "self": 0.4800148999998122
                                                                }
                                                            }
                                                        }
                                                    }
                                                }
                                            }
                                        }
                                    }
                                }
                            }
                        },
                        "trainer_advance": {
                            "total": 0.48257909999986737,
                            "count": 4278,
                            "self": 0.11266249999990308,
                            "children": {
                                "process_trajectory": {
                                    "total": 0.3699165999999643,
                                    "count": 4278,
                                    "self": 0.3699165999999643
                                }
                            }
                        }
                    }
                },