{
    "name": "root",
    "gauges": {
        "MyBehavior.Policy.Entropy.mean": {
            "value": 1.7810505628585815,
            "min": 1.768181324005127,
            "max": 1.7892388105392456,
            "count": 16
        },
        "MyBehavior.Policy.Entropy.sum": {
            "value": 17739.263671875,
            "min": 17346.94140625,
            "max": 17901.966796875,
            "count": 16
        },
        "MyBehavior.Step.mean": {
            "value": 159956.0,
            "min": 9984.0,
            "max": 159956.0,
            "count": 16
        },
        "MyBehavior.Step.sum": {
            "value": 159956.0,
            "min": 9984.0,
            "max": 159956.0,
            "count": 16
        },
        "MyBehavior.Policy.ExtrinsicValueEstimate.mean": {
            "value": -0.01658368483185768,
            "min": -0.051130812615156174,
            "max": -0.007675123866647482,
            "count": 16
        },
        "MyBehavior.Policy.ExtrinsicValueEstimate.sum": {
            "value": -2.58705472946167,
            "min": -7.976406574249268,
            "max": -1.2049944400787354,
            "count": 16
        },
        "MyBehavior.Losses.PolicyLoss.mean": {
            "value": 0.08675727406861605,
            "min": 0.014043161560160422,
            "max": 0.1972453467271946,
            "count": 16
        },
        "MyBehavior.Losses.PolicyLoss.sum": {
            "value": 0.7808154666175445,
            "min": 0.14043161560160422,
            "max": 1.7752081205447514,
            "count": 16
        },
        "MyBehavior.Losses.ValueLoss.mean": {
            "value": 0.0014352758696841714,
            "min": 2.3580867319987846e-06,
            "max": 0.004877329153165969,
            "count": 16
        },
        "MyBehavior.Losses.ValueLoss.sum": {
            "value": 0.012917482827157543,
            "min": 2.122278058798906e-05,
            "max": 0.043895962378493726,
            "count": 16
        },
        "MyBehavior.Policy.LearningRate.mean": {
            "value": 0.0002953370815543066,
            "min": 0.0002953370815543066,
            "max": 0.00029984352005216,
            "count": 16
        },
        "MyBehavior.Policy.LearningRate.sum": {
            "value": 0.0026580337339887597,
            "min": 0.00239874816041728,
            "max": 0.0029955003014999,
            "count": 16
        },
        "MyBehavior.Policy.Epsilon.mean": {
            "value": 0.19844569333333334,
            "min": 0.19844569333333334,
            "max": 0.19994784000000002,
            "count": 16
        },
        "MyBehavior.Policy.Epsilon.sum": {
            "value": 1.78601124,
            "min": 1.5995827200000001,
            "max": 1.9985001,
            "count": 16
        },
        "MyBehavior.Policy.Beta.mean": {
            "value": 0.029533863430666663,
            "min": 0.029533863430666663,
            "max": 0.029984357216,
            "count": 16
        },
        "MyBehavior.Policy.Beta.sum": {
            "value": 0.26580477087599996,
            "min": 0.239874857728,
            "max": 0.29955017999,
            "count": 16
        },
        "MyBehavior.Environment.EpisodeLength.mean": {
            "value": 5331.0,
            "min": 2769.6666666666665,
            "max": 7999.0,
            "count": 16
        },
        "MyBehavior.Environment.EpisodeLength.sum": {
            "value": 10662.0,
            "min": 5542.0,
            "max": 15998.0,
            "count": 16
        },
        "MyBehavior.Environment.CumulativeReward.mean": {
            "value": -0.9914375534281135,
            "min": -1.5864500338211656,
            "max": -0.28359372657723725,
            "count": 16
        },
        "MyBehavior.Environment.CumulativeReward.sum": {
            "value": -1.982875106856227,
            "min": -4.2279499070718884,
            "max": -0.550000031478703,
            "count": 16
        },
        "MyBehavior.Policy.ExtrinsicReward.mean": {
            "value": -0.9914375534281135,
            "min": -1.5864500338211656,
            "max": -0.28359372657723725,
            "count": 16
        },
        "MyBehavior.Policy.ExtrinsicReward.sum": {
            "value": -1.982875106856227,
            "min": -4.2279499070718884,
            "max": -0.550000031478703,
            "count": 16
        },
        "MyBehavior.IsTraining.mean": {
            "value": 1.0,
            "min": 1.0,
            "max": 1.0,
            "count": 16
        },
        "MyBehavior.IsTraining.sum": {
            "value": 1.0,
            "min": 1.0,
            "max": 1.0,
            "count": 16
        }
    },
    "metadata": {
        "timer_format_version": "0.1.0",
        "start_time_seconds": "1652889812",
        "python_version": "3.7.11 (default, Jul 27 2021, 09:42:29) [MSC v.1916 64 bit (AMD64)]",
        "command_line_arguments": "C:\\Users\\kanga\\anaconda3\\envs\\ml-agents-r17\\Scripts\\mlagents-learn configuration.yaml --run-id=CheckPoints2 --resume",
        "mlagents_version": "0.28.0",
        "mlagents_envs_version": "0.28.0",
        "communication_protocol_version": "1.5.0",
        "pytorch_version": "1.7.1+cu110",
        "numpy_version": "1.21.5",
        "end_time_seconds": "1652891811"
    },
    "total": 1999.0535189999998,
    "count": 1,
    "self": 0.006769299999859868,
    "children": {
        "run_training.setup": {
            "total": 0.09357479999999985,
            "count": 1,
            "self": 0.09357479999999985
        },
        "TrainerController.start_learning": {
            "total": 1998.9531749,
            "count": 1,
            "self": 3.7490228000024217,
            "children": {
                "TrainerController._reset_env": {
                    "total": 7.9572241,
                    "count": 1,
                    "self": 7.9572241
                },
                "TrainerController.advance": {
                    "total": 1987.0405748999974,
                    "count": 161493,
                    "self": 3.874587300001849,
                    "children": {
                        "env_step": {
                            "total": 1828.6219199000016,
                            "count": 161493,
                            "self": 1074.331528300058,
                            "children": {
                                "SubprocessEnvManager._take_step": {
                                    "total": 751.877720399985,
                                    "count": 161493,
                                    "self": 12.312104999962912,
                                    "children": {
                                        "TorchPolicy.evaluate": {
                                            "total": 739.5656154000221,
                                            "count": 161467,
                                            "self": 172.05287360001716,
                                            "children": {
                                                "TorchPolicy.sample_actions": {
                                                    "total": 567.512741800005,
                                                    "count": 161467,
                                                    "self": 567.512741800005
                                                }
                                            }
                                        }
                                    }
                                },
                                "workers": {
                                    "total": 2.412671199958538,
                                    "count": 161492,
                                    "self": 0.0,
                                    "children": {
                                        "worker_root": {
                                            "total": 1987.2098634999904,
                                            "count": 161492,
                                            "is_parallel": true,