{
    "name": "root",
    "gauges": {
        "MyBehavior.Policy.Entropy.mean": {
            "value": 1.3361973762512207,
            "min": 1.091488242149353,
            "max": 1.350035309791565,
            "count": 6
        },
        "MyBehavior.Policy.Entropy.sum": {
            "value": 13363.310546875,
            "min": 9990.236328125,
            "max": 13501.703125,
            "count": 6
        },
        "MyBehavior.Step.mean": {
            "value": 1459974.0,
            "min": 1409983.0,
            "max": 1459974.0,
            "count": 6
        },
        "MyBehavior.Step.sum": {
            "value": 1459974.0,
            "min": 1409983.0,
            "max": 1459974.0,
            "count": 6
        },
        "MyBehavior.Policy.ExtrinsicValueEstimate.mean": {
            "value": 0.07101842761039734,
            "min": 0.06913352012634277,
            "max": 0.15375280380249023,
            "count": 6
        },
        "MyBehavior.Policy.ExtrinsicValueEstimate.sum": {
            "value": 11.362948417663574,
            "min": 11.061363220214844,
            "max": 25.522964477539062,
            "count": 6
        },
        "MyBehavior.Environment.EpisodeLength.mean": {
            "value": 1999.2,
            "min": 358.7083333333333,
            "max": 1999.2,
            "count": 6
        },
        "MyBehavior.Environment.EpisodeLength.sum": {
            "value": 9996.0,
            "min": 8572.0,
            "max": 11442.0,
            "count": 6
        },
        "MyBehavior.Environment.CumulativeReward.mean": {
            "value": -1.0890016458928584,
            "min": -1.2487812750041485,
            "max": 0.5095439251512289,
            "count": 6
        },
        "MyBehavior.Environment.CumulativeReward.sum": {
            "value": -5.4450082294642925,
            "min": -6.243906375020742,
            "max": 10.190878503024578,
            "count": 6
        },
        "MyBehavior.Policy.ExtrinsicReward.mean": {
            "value": -1.0890016458928584,
            "min": -1.2487812750041485,
            "max": 0.5095439251512289,
            "count": 6
        },
        "MyBehavior.Policy.ExtrinsicReward.sum": {
            "value": -5.4450082294642925,
            "min": -6.243906375020742,
            "max": 10.190878503024578,
            "count": 6
        },
        "MyBehavior.IsTraining.mean": {
            "value": 1.0,
            "min": 1.0,
            "max": 1.0,
            "count": 6
        },
        "MyBehavior.IsTraining.sum": {
            "value": 1.0,
            "min": 1.0,
            "max": 1.0,
            "count": 6
        },
        "MyBehavior.Losses.PolicyLoss.mean": {
            "value": 0.07037809963803739,
            "min": 0.06655512714448074,
            "max": 0.07037809963803739,
            "count": 5
        },
        "MyBehavior.Losses.PolicyLoss.sum": {
            "value": 0.07037809963803739,
            "min": 0.06655512714448074,
            "max": 0.07037809963803739,
            "count": 5
        },
        "MyBehavior.Losses.ValueLoss.mean": {
            "value": 0.000193158733357753,
            "min": 0.000193158733357753,
            "max": 0.0008049457930004185,
            "count": 5
        },
        "MyBehavior.Losses.ValueLoss.sum": {
            "value": 0.000193158733357753,
            "min": 0.000193158733357753,
            "max": 0.0008049457930004185,
            "count": 5
        },
        "MyBehavior.Policy.LearningRate.mean": {
            "value": 0.0002956423544525489,
            "min": 0.0002956423544525489,
            "max": 0.00029576562441145903,
            "count": 5
        },
        "MyBehavior.Policy.LearningRate.sum": {
            "value": 0.0002956423544525489,
            "min": 0.0002956423544525489,
            "max": 0.00029576562441145903,
            "count": 5
        },
        "MyBehavior.Policy.Epsilon.mean": {
            "value": 0.198547451,
            "min": 0.198547451,
            "max": 0.19858854099999995,
            "count": 5
        },
        "MyBehavior.Policy.Epsilon.sum": {
            "value": 0.198547451,
            "min": 0.198547451,
            "max": 0.19858854099999995,
            "count": 5
        },
        "MyBehavior.Policy.Beta.mean": {
            "value": 0.0039420432949,
            "min": 0.0039420432949,
            "max": 0.003943682785900001,
            "count": 5
        },
        "MyBehavior.Policy.Beta.sum": {
            "value": 0.0039420432949,
            "min": 0.0039420432949,
            "max": 0.003943682785900001,
            "count": 5
        }
    },
    "metadata": {
        "timer_format_version": "0.1.0",
        "start_time_seconds": "1654036007",
        "python_version": "3.7.11 (default, Jul 27 2021, 09:42:29) [MSC v.1916 64 bit (AMD64)]",
        "command_line_arguments": "C:\\Users\\kanga\\anaconda3\\envs\\ml-agents-r17\\Scripts\\mlagents-learn configuration.yaml --run-id=WaterOnly --resume",
        "mlagents_version": "0.28.0",
        "mlagents_envs_version": "0.28.0",
        "communication_protocol_version": "1.5.0",
        "pytorch_version": "1.7.1+cu110",
        "numpy_version": "1.21.5",
        "end_time_seconds": "1654036661"
    },
    "total": 654.5960742,
    "count": 1,
    "self": 0.00843889999998737,
    "children": {
        "run_training.setup": {
            "total": 0.09413369999999999,
            "count": 1,
            "self": 0.09413369999999999
        },
        "TrainerController.start_learning": {
            "total": 654.4935016,
            "count": 1,
            "self": 1.3399155000062137,
            "children": {
                "TrainerController._reset_env": {
                    "total": 32.6375861,
                    "count": 1,
                    "self": 32.6375861
                },
                "TrainerController.advance": {
                    "total": 620.3541009999936,
                    "count": 66751,
                    "self": 1.3696840999905362,
                    "children": {
                        "env_step": {
                            "total": 585.8542726000012,
                            "count": 66751,
                            "self": 285.0467276000039,
                            "children": {
                                "SubprocessEnvManager._take_step": {
                                    "total": 299.9624475999991,
                                    "count": 66751,
                                    "self": 4.241782400002592,
                                    "children": {
                                        "TorchPolicy.evaluate": {
                                            "total": 295.7206651999965,
                                            "count": 66690,
                                            "self": 109.26315860000622,
                                            "children": {
                                                "TorchPolicy.sample_actions": {
                                                    "total": 186.4575065999903,
                                                    "count": 66690,
                                                    "self": 186.4575065999903
                                                }
                                            }
                                        }
                                    }
                                },
                                "workers": {
                                    "total": 0.8450973999981599,
                                    "count": 66750,
                                    "self": 0.0,
                                    "children": {
                                        "worker_root": {
                                            "total": 621.316165200003,
                                            "count": 66750,
                                            "is_parallel": true,