{
    "name": "root",
    "gauges": {
        "MyBehavior.Policy.Entropy.mean": {
            "value": 1.7828060388565063,
            "min": 1.7328784465789795,
            "max": 1.7889853715896606,
            "count": 153
        },
        "MyBehavior.Policy.Entropy.sum": {
            "value": 17799.53515625,
            "min": 17346.11328125,
            "max": 17956.5,
            "count": 153
        },
        "MyBehavior.Step.mean": {
            "value": 1529968.0,
            "min": 9979.0,
            "max": 1529968.0,
            "count": 153
        },
        "MyBehavior.Step.sum": {
            "value": 1529968.0,
            "min": 9979.0,
            "max": 1529968.0,
            "count": 153
        },
        "MyBehavior.Policy.ExtrinsicValueEstimate.mean": {
            "value": -0.014059891924262047,
            "min": -0.09998622536659241,
            "max": 0.33650845289230347,
            "count": 153
        },
        "MyBehavior.Policy.ExtrinsicValueEstimate.sum": {
            "value": -2.193343162536621,
            "min": -15.697837829589844,
            "max": 52.831825256347656,
            "count": 153
        },
        "MyBehavior.Losses.PolicyLoss.mean": {
            "value": 0.10449242785021112,
            "min": 0.0011955243017938405,
            "max": 0.3572466952502038,
            "count": 153
        },
        "MyBehavior.Losses.PolicyLoss.sum": {
            "value": 0.9404318506519,
            "min": 0.010759718716144564,
            "max": 3.215220257251834,
            "count": 153
        },
        "MyBehavior.Losses.ValueLoss.mean": {
            "value": 0.0004759025364583604,
            "min": 2.5535402335582943e-10,
            "max": 0.008190247092569634,
            "count": 153
        },
        "MyBehavior.Losses.ValueLoss.sum": {
            "value": 0.004283122828125244,
            "min": 2.298186210202465e-09,
            "max": 0.0737122238331267,
            "count": 153
        },
        "MyBehavior.Policy.LearningRate.mean": {
            "value": 0.00025424689525104,
            "min": 0.00025424689525104,
            "max": 0.00029983791338736223,
            "count": 153
        },
        "MyBehavior.Policy.LearningRate.sum": {
            "value": 0.00228822205725936,
            "min": 0.00228822205725936,
            "max": 0.0029865002144999295,
            "count": 153
        },
        "MyBehavior.Policy.Epsilon.mean": {
            "value": 0.18474896,
            "min": 0.18474896,
            "max": 0.19994597111111112,
            "count": 153
        },
        "MyBehavior.Policy.Epsilon.sum": {
            "value": 1.66274064,
            "min": 1.66274064,
            "max": 1.99550007,
            "count": 153
        },
        "MyBehavior.Policy.Beta.mean": {
            "value": 0.025426213104000003,
            "min": 0.025426213104000003,
            "max": 0.02998379673622222,
            "count": 153
        },
        "MyBehavior.Policy.Beta.sum": {
            "value": 0.22883591793600003,
            "min": 0.22883591793600003,
            "max": 0.298650470993,
            "count": 153
        },
        "MyBehavior.Environment.EpisodeLength.mean": {
            "value": 7999.0,
            "min": 1709.6666666666667,
            "max": 7999.0,
            "count": 153
        },
        "MyBehavior.Environment.EpisodeLength.sum": {
            "value": 15998.0,
            "min": 3207.0,
            "max": 17168.0,
            "count": 153
        },
        "MyBehavior.Environment.CumulativeReward.mean": {
            "value": -0.6249000183306634,
            "min": -16.749900083057582,
            "max": 0.9077125564217567,
            "count": 153
        },
        "MyBehavior.Environment.CumulativeReward.sum": {
            "value": -1.2498000366613269,
            "min": -16.749900083057582,
            "max": 1.8154251128435135,
            "count": 153
        },
        "MyBehavior.Policy.ExtrinsicReward.mean": {
            "value": -0.6249000183306634,
            "min": -16.749900083057582,
            "max": 0.9077125564217567,
            "count": 153
        },
        "MyBehavior.Policy.ExtrinsicReward.sum": {
            "value": -1.2498000366613269,
            "min": -16.749900083057582,
            "max": 1.8154251128435135,
            "count": 153
        },
        "MyBehavior.IsTraining.mean": {
            "value": 1.0,
            "min": 1.0,
            "max": 1.0,
            "count": 153
        },
        "MyBehavior.IsTraining.sum": {
            "value": 1.0,
            "min": 1.0,
            "max": 1.0,
            "count": 153
        }
    },
    "metadata": {
        "timer_format_version": "0.1.0",
        "start_time_seconds": "1652871223",
        "python_version": "3.7.11 (default, Jul 27 2021, 09:42:29) [MSC v.1916 64 bit (AMD64)]",
        "command_line_arguments": "C:\\Users\\kanga\\anaconda3\\envs\\ml-agents-r17\\Scripts\\mlagents-learn configuration.yaml --run-id=CheckPoints1 --force",
        "mlagents_version": "0.28.0",
        "mlagents_envs_version": "0.28.0",
        "communication_protocol_version": "1.5.0",
        "pytorch_version": "1.7.1+cu110",
        "numpy_version": "1.21.5",
        "end_time_seconds": "1652889453"
    },
    "total": 18230.304315,
    "count": 1,
    "self": 0.014961299999413313,
    "children": {
        "run_training.setup": {
            "total": 0.08944020000000008,
            "count": 1,
            "self": 0.08944020000000008
        },
        "TrainerController.start_learning": {
            "total": 18230.1999135,
            "count": 1,
            "self": 35.228251699791144,
            "children": {
                "TrainerController._reset_env": {
                    "total": 6.963419099999999,
                    "count": 1,
                    "self": 6.963419099999999
                },
                "TrainerController.advance": {
                    "total": 18187.77884460021,
                    "count": 1534609,
                    "self": 38.033174400625285,
                    "children": {
                        "env_step": {
                            "total": 16712.78868589919,
                            "count": 1534609,
                            "self": 9617.021404899962,
                            "children": {
                                "SubprocessEnvManager._take_step": {
                                    "total": 7073.05642939915,
                                    "count": 1534609,
                                    "self": 111.69147479890853,
                                    "children": {
                                        "TorchPolicy.evaluate": {
                                            "total": 6961.364954600242,
                                            "count": 1534392,
                                            "self": 1597.1672046011536,
                                            "children": {
                                                "TorchPolicy.sample_actions": {
                                                    "total": 5364.197749999088,
                                                    "count": 1534392,
                                                    "self": 5364.197749999088
                                                }
                                            }
                                        }
                                    }
                                },
                                "workers": {
                                    "total": 22.710851600078023,
                                    "count": 1534608,
                                    "self": 0.0,
                                    "children": {
                                        "worker_root": {
                                            "total": 18175.24203380004,
                                            "count": 1534608,