{
    "name": "root",
    "gauges": {
        "MyBehavior.Policy.Entropy.mean": {
            "value": 1.7826021909713745,
            "min": 1.7526051998138428,
            "max": 1.7826021909713745,
            "count": 10
        },
        "MyBehavior.Policy.Entropy.sum": {
            "value": 17786.8046875,
            "min": 17503.267578125,
            "max": 17935.70703125,
            "count": 10
        },
        "MyBehavior.Environment.EpisodeLength.mean": {
            "value": 1333.0,
            "min": 617.0909090909091,
            "max": 7127.0,
            "count": 10
        },
        "MyBehavior.Environment.EpisodeLength.sum": {
            "value": 9331.0,
            "min": 4503.0,
            "max": 14254.0,
            "count": 10
        },
        "MyBehavior.Step.mean": {
            "value": 99953.0,
            "min": 9999.0,
            "max": 99953.0,
            "count": 10
        },
        "MyBehavior.Step.sum": {
            "value": 99953.0,
            "min": 9999.0,
            "max": 99953.0,
            "count": 10
        },
        "MyBehavior.Policy.ExtrinsicValueEstimate.mean": {
            "value": 0.028601814061403275,
            "min": -0.07103832811117172,
            "max": 0.24689500033855438,
            "count": 10
        },
        "MyBehavior.Policy.ExtrinsicValueEstimate.sum": {
            "value": 4.5476884841918945,
            "min": -11.366132736206055,
            "max": 39.99699020385742,
            "count": 10
        },
        "MyBehavior.Environment.CumulativeReward.mean": {
            "value": -0.8095428797283343,
            "min": -1.8909500548616052,
            "max": 0.3685312286252156,
            "count": 10
        },
        "MyBehavior.Environment.CumulativeReward.sum": {
            "value": -5.66680015809834,
            "min": -5.66680015809834,
            "max": 3.6268750801682472,
            "count": 10
        },
        "MyBehavior.Policy.ExtrinsicReward.mean": {
            "value": -0.8095428797283343,
            "min": -1.8909500548616052,
            "max": 0.3685312286252156,
            "count": 10
        },
        "MyBehavior.Policy.ExtrinsicReward.sum": {
            "value": -5.66680015809834,
            "min": -5.66680015809834,
            "max": 3.6268750801682472,
            "count": 10
        },
        "MyBehavior.Losses.PolicyLoss.mean": {
            "value": 0.3505239519031925,
            "min": 0.15771923309054087,
            "max": 0.4021885382115013,
            "count": 10
        },
        "MyBehavior.Losses.PolicyLoss.sum": {
            "value": 3.154715567128733,
            "min": 1.4194730978148677,
            "max": 3.6196968439035118,
            "count": 10
        },
        "MyBehavior.Losses.ValueLoss.mean": {
            "value": 0.008385454529439933,
            "min": 0.002017685891583251,
            "max": 0.017292142038753185,
            "count": 10
        },
        "MyBehavior.Losses.ValueLoss.sum": {
            "value": 0.0754690907649594,
            "min": 0.01815917302424926,
            "max": 0.15562927834877865,
            "count": 10
        },
        "MyBehavior.Policy.LearningRate.mean": {
            "value": 0.00029715869094710325,
            "min": 0.00029715869094710325,
            "max": 0.00029984438005187334,
            "count": 10
        },
        "MyBehavior.Policy.LearningRate.sum": {
            "value": 0.0026744282185239294,
            "min": 0.0026744282185239294,
            "max": 0.00299253534248822,
            "count": 10
        },
        "MyBehavior.Policy.Epsilon.mean": {
            "value": 0.19905289666666667,
            "min": 0.19905289666666667,
            "max": 0.19994812666666664,
            "count": 10
        },
        "MyBehavior.Policy.Epsilon.sum": {
            "value": 1.79147607,
            "min": 1.79147607,
            "max": 1.9975117800000002,
            "count": 10
        },
        "MyBehavior.Policy.Beta.mean": {
            "value": 0.029715963710333335,
            "min": 0.029715963710333335,
            "max": 0.02998444318733333,
            "count": 10
        },
        "MyBehavior.Policy.Beta.sum": {
            "value": 0.267443673393,
            "min": 0.267443673393,
            "max": 0.299253782822,
            "count": 10
        },
        "MyBehavior.IsTraining.mean": {
            "value": 1.0,
            "min": 1.0,
            "max": 1.0,
            "count": 10
        },
        "MyBehavior.IsTraining.sum": {
            "value": 1.0,
            "min": 1.0,
            "max": 1.0,
            "count": 10
        }
    },
    "metadata": {
        "timer_format_version": "0.1.0",
        "start_time_seconds": "1653323960",
        "python_version": "3.7.11 (default, Jul 27 2021, 09:42:29) [MSC v.1916 64 bit (AMD64)]",
        "command_line_arguments": "C:\\Users\\kanga\\anaconda3\\envs\\ml-agents-r17\\Scripts\\mlagents-learn configuration.yaml --run-id=BasicAgentGrid",
        "mlagents_version": "0.28.0",
        "mlagents_envs_version": "0.28.0",
        "communication_protocol_version": "1.5.0",
        "pytorch_version": "1.7.1+cu110",
        "numpy_version": "1.21.5",
        "end_time_seconds": "1653325683"
    },
    "total": 1723.015963,
    "count": 1,
    "self": 0.00841090000017175,
    "children": {
        "run_training.setup": {
            "total": 0.09815789999999991,
            "count": 1,
            "self": 0.09815789999999991
        },
        "TrainerController.start_learning": {
            "total": 1722.9093942,
            "count": 1,
            "self": 2.462741700001743,
            "children": {
                "TrainerController._reset_env": {
                    "total": 11.805003800000001,
                    "count": 1,
                    "self": 11.805003800000001
                },
                "TrainerController.advance": {
                    "total": 1708.3900575999983,
                    "count": 102066,
                    "self": 2.7413948999783315,
                    "children": {
                        "env_step": {
                            "total": 1593.4813023000006,
                            "count": 102066,
                            "self": 1036.3599685999634,
                            "children": {
                                "SubprocessEnvManager._take_step": {
                                    "total": 554.9083245000284,
                                    "count": 102066,
                                    "self": 8.566075300047942,
                                    "children": {
                                        "TorchPolicy.evaluate": {
                                            "total": 546.3422491999804,
                                            "count": 102002,
                                            "self": 103.4673699999422,
                                            "children": {
                                                "TorchPolicy.sample_actions": {
                                                    "total": 442.8748792000382,
                                                    "count": 102002,
                                                    "self": 442.8748792000382
                                                }
                                            }
                                        }
                                    }
                                },
                                "workers": {
                                    "total": 2.2130092000087096,
                                    "count": 102065,
                                    "self": 0.0,
                                    "children": {
                                        "worker_root": {
                                            "total": 1708.9590192999945,
                                            "count": 102065,
                                            "is_parallel": true,