{
    "name": "root",
    "gauges": {
        "MyBehavior.Policy.Entropy.mean": {
            "value": 1.7286099195480347,
            "min": 1.7286099195480347,
            "max": 1.7404353618621826,
            "count": 2
        },
        "MyBehavior.Policy.Entropy.sum": {
            "value": 17329.314453125,
            "min": 17329.314453125,
            "max": 17470.490234375,
            "count": 2
        },
        "MyBehavior.Step.mean": {
            "value": 19999.0,
            "min": 9974.0,
            "max": 19999.0,
            "count": 2
        },
        "MyBehavior.Step.sum": {
            "value": 19999.0,
            "min": 9974.0,
            "max": 19999.0,
            "count": 2
        },
        "MyBehavior.Policy.ExtrinsicValueEstimate.mean": {
            "value": 0.38417112827301025,
            "min": 0.38417112827301025,
            "max": 0.6173978447914124,
            "count": 2
        },
        "MyBehavior.Policy.ExtrinsicValueEstimate.sum": {
            "value": 61.46738052368164,
            "min": 61.46738052368164,
            "max": 98.166259765625,
            "count": 2
        },
        "MyBehavior.Policy.GailValueEstimate.mean": {
            "value": 0.8275891542434692,
            "min": 0.5907650589942932,
            "max": 0.8275891542434692,
            "count": 2
        },
        "MyBehavior.Policy.GailValueEstimate.sum": {
            "value": 132.4142608642578,
            "min": 93.931640625,
            "max": 132.4142608642578,
            "count": 2
        },
        "MyBehavior.Losses.PolicyLoss.mean": {
            "value": 0.3351776738353591,
            "min": 0.3351776738353591,
            "max": 0.3538889208791295,
            "count": 2
        },
        "MyBehavior.Losses.PolicyLoss.sum": {
            "value": 3.016599064518232,
            "min": 3.016599064518232,
            "max": 3.1850002879121653,
            "count": 2
        },
        "MyBehavior.Losses.ValueLoss.mean": {
            "value": 0.007376639366392972,
            "min": 0.007376639366392972,
            "max": 0.009144060173437335,
            "count": 2
        },
        "MyBehavior.Losses.ValueLoss.sum": {
            "value": 0.06638975429753675,
            "min": 0.06638975429753675,
            "max": 0.082296541560936,
            "count": 2
        },
        "MyBehavior.Policy.LearningRate.mean": {
            "value": 0.0002995520934826355,
            "min": 0.0002995520934826355,
            "max": 0.00029983814672061783,
            "count": 2
        },
        "MyBehavior.Policy.LearningRate.sum": {
            "value": 0.0026959688413437195,
            "min": 0.0026959688413437195,
            "max": 0.0026985433204855603,
            "count": 2
        },
        "MyBehavior.Policy.Epsilon.mean": {
            "value": 0.19985069777777778,
            "min": 0.19985069777777778,
            "max": 0.1999460488888889,
            "count": 2
        },
        "MyBehavior.Policy.Epsilon.sum": {
            "value": 1.79865628,
            "min": 1.79865628,
            "max": 1.79951444,
            "count": 2
        },
        "MyBehavior.Policy.Beta.mean": {
            "value": 0.009985084707999999,
            "min": 0.009985084707999999,
            "max": 0.009994610283999998,
            "count": 2
        },
        "MyBehavior.Policy.Beta.sum": {
            "value": 0.08986576237199999,
            "min": 0.08986576237199999,
            "max": 0.08995149255599999,
            "count": 2
        },
        "MyBehavior.Policy.GAILPolicyEstimate.mean": {
            "value": 0.4098288325799836,
            "min": 0.346435784638204,
            "max": 0.4098288325799836,
            "count": 2
        },
        "MyBehavior.Policy.GAILPolicyEstimate.sum": {
            "value": 3.6884594932198524,
            "min": 3.117922061743836,
            "max": 3.6884594932198524,
            "count": 2
        },
        "MyBehavior.Policy.GAILExpertEstimate.mean": {
            "value": 0.601029571559694,
            "min": 0.601029571559694,
            "max": 0.6741109987099966,
            "count": 2
        },
        "MyBehavior.Policy.GAILExpertEstimate.sum": {
            "value": 5.409266144037247,
            "min": 5.409266144037247,
            "max": 6.066998988389969,
            "count": 2
        },
        "MyBehavior.Losses.GAILLoss.mean": {
            "value": 1.2027110719570409,
            "min": 0.9586421026399843,
            "max": 1.2027110719570409,
            "count": 2
        },
        "MyBehavior.Losses.GAILLoss.sum": {
            "value": 10.824399647613367,
            "min": 8.627778923759859,
            "max": 10.824399647613367,
            "count": 2
        },
        "MyBehavior.Policy.GAILGradMagLoss.mean": {
            "value": 0.5251954030935412,
            "min": 0.5251954030935412,
            "max": 4.716047733194299,
            "count": 2
        },
        "MyBehavior.Policy.GAILGradMagLoss.sum": {
            "value": 4.72675862784187,
            "min": 4.72675862784187,
            "max": 42.44442959874869,
            "count": 2
        },
        "MyBehavior.Environment.EpisodeLength.mean": {
            "value": 1904.5,
            "min": 1648.2,
            "max": 1904.5,
            "count": 2
        },
        "MyBehavior.Environment.EpisodeLength.sum": {
            "value": 11427.0,
            "min": 8241.0,
            "max": 11427.0,
            "count": 2
        },
        "MyBehavior.Environment.CumulativeReward.mean": {
            "value": 0.011879173417886099,
            "min": -0.5060800075531006,
            "max": 0.011879173417886099,
            "count": 2
        },
        "MyBehavior.Environment.CumulativeReward.sum": {
            "value": 0.07127504050731659,
            "min": -2.530400037765503,
            "max": 0.07127504050731659,
            "count": 2
        },
        "MyBehavior.Policy.ExtrinsicReward.mean": {
            "value": 0.011879173417886099,
            "min": -0.5060800075531006,
            "max": 0.011879173417886099,
            "count": 2
        },
        "MyBehavior.Policy.ExtrinsicReward.sum": {
            "value": 0.07127504050731659,
            "min": -2.530400037765503,
            "max": 0.07127504050731659,
            "count": 2
        },
        "MyBehavior.Policy.GailReward.mean": {
            "value": 15.978189324960113,
            "min": 8.516611520387233,
            "max": 15.978189324960113,
            "count": 2
        },
        "MyBehavior.Policy.GailReward.sum": {
            "value": 95.86913594976068,
            "min": 42.58305760193616,
            "max": 95.86913594976068,
            "count": 2
        },
        "MyBehavior.IsTraining.mean": {
            "value": 1.0,
            "min": 1.0,
            "max": 1.0,
            "count": 2
        },
        "MyBehavior.IsTraining.sum": {
            "value": 1.0,
            "min": 1.0,
            "max": 1.0,
            "count": 2
        }
    },
    "metadata": {
        "timer_format_version": "0.1.0",
        "start_time_seconds": "1653299305",
        "python_version": "3.7.11 (default, Jul 27 2021, 09:42:29) [MSC v.1916 64 bit (AMD64)]",
        "command_line_arguments": "C:\\Users\\kanga\\anaconda3\\envs\\ml-agents-r17\\Scripts\\mlagents-learn configurationImitation.yaml --run-id=AgentWithClassesRecord3",
        "mlagents_version": "0.28.0",
        "mlagents_envs_version": "0.28.0",
        "communication_protocol_version": "1.5.0",
        "pytorch_version": "1.7.1+cu110",
        "numpy_version": "1.21.5",
        "end_time_seconds": "1653299711"
    },
    "total": 406.05276330000004,
    "count": 1,
    "self": 0.010759100000029775,
    "children": {
        "run_training.setup": {
            "total": 0.09452150000000015,
            "count": 1,
            "self": 0.09452150000000015
        },