{
    "name": "root",
    "gauges": {
        "MyBehavior.Policy.Entropy.mean": {
            "value": 1.7683650255203247,
            "min": 1.6590789556503296,
            "max": 1.788030743598938,
            "count": 102
        },
        "MyBehavior.Policy.Entropy.sum": {
            "value": 16295.4833984375,
            "min": 14235.64453125,
            "max": 21097.681640625,
            "count": 102
        },
        "MyBehavior.Environment.EpisodeLength.mean": {
            "value": 657.2142857142857,
            "min": 263.3125,
            "max": 3515.0,
            "count": 102
        },
        "MyBehavior.Environment.EpisodeLength.sum": {
            "value": 9201.0,
            "min": 5859.0,
            "max": 14111.0,
            "count": 102
        },
        "MyBehavior.Step.mean": {
            "value": 1019973.0,
            "min": 9998.0,
            "max": 1019973.0,
            "count": 102
        },
        "MyBehavior.Step.sum": {
            "value": 1019973.0,
            "min": 9998.0,
            "max": 1019973.0,
            "count": 102
        },
        "MyBehavior.Policy.ExtrinsicValueEstimate.mean": {
            "value": -0.11691407859325409,
            "min": -0.2585127353668213,
            "max": 0.16981174051761627,
            "count": 102
        },
        "MyBehavior.Policy.ExtrinsicValueEstimate.sum": {
            "value": -1.6367970705032349,
            "min": -6.6755781173706055,
            "max": 3.0566112995147705,
            "count": 102
        },
        "MyBehavior.Environment.CumulativeReward.mean": {
            "value": -0.7501732259988785,
            "min": -1.2149583945671718,
            "max": -0.2714291661977768,
            "count": 102
        },
        "MyBehavior.Environment.CumulativeReward.sum": {
            "value": -10.502425163984299,
            "min": -27.262149572372437,
            "max": -2.6169250905513763,
            "count": 102
        },
        "MyBehavior.Policy.ExtrinsicReward.mean": {
            "value": -0.7501732259988785,
            "min": -1.2149583945671718,
            "max": -0.2714291661977768,
            "count": 102
        },
        "MyBehavior.Policy.ExtrinsicReward.sum": {
            "value": -10.502425163984299,
            "min": -27.262149572372437,
            "max": -2.6169250905513763,
            "count": 102
        },
        "MyBehavior.Losses.PolicyLoss.mean": {
            "value": 0.4012778549049272,
            "min": 0.24533520212564094,
            "max": 0.4669927698384203,
            "count": 102
        },
        "MyBehavior.Losses.PolicyLoss.sum": {
            "value": 2.407667129429563,
            "min": 1.0991731387829142,
            "max": 3.268949388868942,
            "count": 102
        },
        "MyBehavior.Losses.ValueLoss.mean": {
            "value": 0.01471087407643222,
            "min": 0.0022654963918491674,
            "max": 0.03174001804917946,
            "count": 102
        },
        "MyBehavior.Losses.ValueLoss.sum": {
            "value": 0.08826524445859332,
            "min": 0.011327481959245836,
            "max": 0.22218012634425624,
            "count": 102
        },
        "MyBehavior.Policy.LearningRate.mean": {
            "value": 0.000269515345161555,
            "min": 0.000269515345161555,
            "max": 0.0002998271900576033,
            "count": 102
        },
        "MyBehavior.Policy.LearningRate.sum": {
            "value": 0.00161709207096933,
            "min": 0.00112255436581522,
            "max": 0.0025960585246471695,
            "count": 102
        },
        "MyBehavior.Policy.Epsilon.mean": {
            "value": 0.189838445,
            "min": 0.189838445,
            "max": 0.19994239666666666,
            "count": 102
        },
        "MyBehavior.Policy.Epsilon.sum": {
            "value": 1.13903067,
            "min": 0.7741847799999999,
            "max": 1.7653528299999999,
            "count": 102
        },
        "MyBehavior.Policy.Beta.mean": {
            "value": 0.026952549655499997,
            "min": 0.026952549655499997,
            "max": 0.02998272476033333,
            "count": 102
        },
        "MyBehavior.Policy.Beta.sum": {
            "value": 0.161715297933,
            "min": 0.11225801552199999,
            "max": 0.25960931371699997,
            "count": 102
        },
        "MyBehavior.IsTraining.mean": {
            "value": 1.0,
            "min": 1.0,
            "max": 1.0,
            "count": 102
        },
        "MyBehavior.IsTraining.sum": {
            "value": 1.0,
            "min": 1.0,
            "max": 1.0,
            "count": 102
        }
    },
    "metadata": {
        "timer_format_version": "0.1.0",
        "start_time_seconds": "1652629101",
        "python_version": "3.7.11 (default, Jul 27 2021, 09:42:29) [MSC v.1916 64 bit (AMD64)]",
        "command_line_arguments": "C:\\Users\\kanga\\anaconda3\\envs\\ml-agents-r17\\Scripts\\mlagents-learn configuration3.yaml --run-id=AgentWithClasses4 --resume",
        "mlagents_version": "0.28.0",
        "mlagents_envs_version": "0.28.0",
        "communication_protocol_version": "1.5.0",
        "pytorch_version": "1.7.1+cu110",
        "numpy_version": "1.21.5",
        "end_time_seconds": "1652643269"
    },
    "total": 14165.737107,
    "count": 1,
    "self": 0.008179300000847434,
    "children": {
        "run_training.setup": {
            "total": 0.12455930000000004,
            "count": 1,
            "self": 0.12455930000000004
        },
        "TrainerController.start_learning": {
            "total": 14165.6043684,
            "count": 1,
            "self": 22.16552870063788,
            "children": {
                "TrainerController._reset_env": {
                    "total": 40.3617932,
                    "count": 1,
                    "self": 40.3617932
                },
                "TrainerController.advance": {
                    "total": 14102.671327099362,
                    "count": 1021061,
                    "self": 24.560232399166125,
                    "children": {
                        "env_step": {
                            "total": 10856.865945100235,
                            "count": 1021061,
                            "self": 6201.1390549003845,
                            "children": {
                                "SubprocessEnvManager._take_step": {
                                    "total": 4641.235555299731,
                                    "count": 1021061,
                                    "self": 68.88066690000596,
                                    "children": {
                                        "TorchPolicy.evaluate": {
                                            "total": 4572.354888399725,
                                            "count": 1019766,
                                            "self": 1037.5721550995363,
                                            "children": {
                                                "TorchPolicy.sample_actions": {
                                                    "total": 3534.7827333001883,
                                                    "count": 1019766,
                                                    "self": 3534.7827333001883
                                                }
                                            }
                                        }
                                    }
                                },
                                "workers": {
                                    "total": 14.491334900120187,
                                    "count": 1021060,
                                    "self": 0.0,
                                    "children": {
                                        "worker_root": {
                                            "total": 14095.893089300394,
                                            "count": 1021060,