{"count":1,"self":439.43301119999995,"total":2445.2110832999997,"children":{"InitializeActuators":{"count":1,"self":0.0019944,"total":0.0019944,"children":null},"InitializeSensors":{"count":1,"self":0.0029920999999999997,"total":0.0029920999999999997,"children":null},"AgentSendState":{"count":757001,"self":160.3175808,"total":188.2118309,"children":{"CollectObservations":{"count":151401,"self":1.9757212,"total":1.9757212,"children":null},"WriteActionMask":{"count":151401,"self":0.2711889,"total":0.2711889,"children":null},"RequestDecision":{"count":151401,"self":1.7229291999999998,"total":25.6473443,"children":{"AgentInfo.ToProto":{"count":151401,"self":1.9271079999999998,"total":23.924415,"children":{"GenerateSensorData":{"count":151401,"self":19.8059296,"total":21.997307,"children":{"RayPerceptionSensor.Perceive":{"count":454203,"self":2.1913772,"total":2.1913771,"children":null}}}}}}}}},"DecideAction":{"count":757001,"self":1806.1326336,"total":1806.1327201,"children":null},"AgentAct":{"count":757001,"self":11.4235344,"total":11.426547399999999,"children":{"AgentInfo.ToProto":{"count":24,"self":0.0009975,"total":0.0030134,"children":{"GenerateSensorData":{"count":24,"self":0.0010184999999999999,"total":0.0020158999999999997,"children":{"RayPerceptionSensor.Perceive":{"count":72,"self":0.00099739999999999985,"total":0.00099739999999999985,"children":null}}}}}}}},"gauges":{"My Behavior.CumulativeReward":{"count":24,"max":0.6001393,"min":-1.80075979,"runningAverage":-0.8695337,"value":0.6001393,"weightedAverage":-0.7278479}},"metadata":{"timer_format_version":"0.1.0","start_time_seconds":"1653382028","unity_version":"2020.3.28f1","command_line_arguments":"C:\\Program Files\\Unity\\Hub\\Editor\\2020.3.28f1\\Editor\\Unity.exe -projectpath C:\\Users\\kanga\\Documents\\TFG\\Unity\\TFG -useHub -hubIPC -cloudEnvironment production -licensingIpc LicenseClient-kanga -hubSessionId 8357de50-db3b-11ec-b20c-63af09cc4bf2 -accessToken 96tyBMsHU1T2r0mkWq6EotFi5HSeMI5w2HDpQmuF2yc012f","communication_protocol_version":"1.5.0","com.unity.ml-agents_version":"2.2.1-exp.1","scene_name":"CheckPoints","end_time_seconds":"1653384473"}}