{"count":1,"self":373.3132288,"total":1717.0722627999999,"children":{"InitializeActuators":{"count":1,"self":0.0019959,"total":0.0019959,"children":null},"InitializeSensors":{"count":1,"self":0.0049516,"total":0.0049516,"children":null},"AgentSendState":{"count":510017,"self":2.9887584,"total":294.0091499,"children":{"GridSensor.Update":{"count":102004,"self":263.3588736,"total":263.358881,"children":null},"CollectObservations":{"count":102004,"self":0.4955268,"total":0.4955268,"children":null},"WriteActionMask":{"count":102004,"self":0.18138469999999998,"total":0.18138469999999998,"children":null},"RequestDecision":{"count":102004,"self":0.9804875999999999,"total":26.9845991,"children":{"AgentInfo.ToProto":{"count":102004,"self":1.0705703,"total":26.0041115,"children":{"GenerateSensorData":{"count":102004,"self":4.5953944,"total":24.9335412,"children":{"GridSensor.GetCompressedObservation":{"count":102004,"self":20.338147199999998,"total":20.338147,"children":null}}}}}}}}},"DecideAction":{"count":510017,"self":1043.395072,"total":1043.395051,"children":null},"AgentAct":{"count":510017,"self":6.1492315999999994,"total":6.2639949999999995,"children":{"GridSensor.Update":{"count":43,"self":0.1018205,"total":0.1018205,"children":null},"AgentInfo.ToProto":{"count":43,"self":0,"total":0.012942799999999999,"children":{"GenerateSensorData":{"count":43,"self":0.0030017999999999998,"total":0.012942799999999999,"children":{"GridSensor.GetCompressedObservation":{"count":43,"self":0.009941,"total":0.009941,"children":null}}}}}}},"GridSensor.Update":{"count":31,"self":0.072951099999999991,"total":0.072951099999999991,"children":null},"AgentInfo.ToProto":{"count":31,"self":0,"total":0.0089835,"children":{"GenerateSensorData":{"count":31,"self":0,"total":0.0089835,"children":{"GridSensor.GetCompressedObservation":{"count":31,"self":0.0089835,"total":0.0089835,"children":null}}}}}},"gauges":{"My Behavior.CumulativeReward":{"count":74,"max":1.499975,"min":-1.89852047,"runningAverage":-0.10385251,"value":-1.084348,"weightedAverage":-0.867120564}},"metadata":{"timer_format_version":"0.1.0","start_time_seconds":"1653323970","unity_version":"2020.3.28f1","command_line_arguments":"C:\\Program Files\\Unity\\Hub\\Editor\\2020.3.28f1\\Editor\\Unity.exe -projectpath C:\\Users\\kanga\\Documents\\TFG\\Unity\\TFG -useHub -hubIPC -cloudEnvironment production -licensingIpc LicenseClient-kanga -hubSessionId f876a7b0-da74-11ec-8d81-53c6488cdf34 -accessToken AUgXn2afElwDL5fMJALSzheWAhE4G7imltfqjUpFTWc012f","communication_protocol_version":"1.5.0","com.unity.ml-agents_version":"2.2.1-exp.1","scene_name":"ConRayos","end_time_seconds":"1653325687"}}