{"count":1,"self":2173.348864,"total":11858.6598552,"children":{"InitializeActuators":{"count":1,"self":0.00099739999999999985,"total":0.00099739999999999985,"children":null},"InitializeSensors":{"count":1,"self":0.001995,"total":0.001995,"children":null},"AgentSendState":{"count":6209117,"self":19.313899199999998,"total":294.19788189999997,"children":{"CollectObservations":{"count":1241824,"self":233.07927039999998,"total":233.0792827,"children":null},"WriteActionMask":{"count":1241824,"self":1.2757345,"total":1.2757345,"children":null},"RequestDecision":{"count":1241824,"self":5.8510636,"total":40.528965899999996,"children":{"AgentInfo.ToProto":{"count":1241824,"self":5.928246,"total":34.6779023,"children":{"GenerateSensorData":{"count":1241824,"self":28.7496576,"total":28.7496562,"children":null}}}}}}},"DecideAction":{"count":6209117,"self":9329.2756992,"total":9329.275855599999,"children":null},"AgentAct":{"count":6209117,"self":61.736934399999996,"total":61.832167299999995,"children":{"AgentInfo.ToProto":{"count":3314,"self":0.021057799999999998,"total":0.09523,"children":{"GenerateSensorData":{"count":3314,"self":0.0741722,"total":0.0741722,"children":null}}}}}},"gauges":{"My Behavior.CumulativeReward":{"count":3314,"max":0.9902149,"min":-3.06624985,"runningAverage":-0.0233230069,"value":-1.00011051,"weightedAverage":-0.1261538}},"metadata":{"timer_format_version":"0.1.0","start_time_seconds":"1655145706","unity_version":"2020.3.28f1","command_line_arguments":"C:\\Program Files\\Unity\\Hub\\Editor\\2020.3.28f1\\Editor\\Unity.exe -projectpath C:\\Users\\kanga\\Documents\\TFG\\Unity\\TFG -useHub -hubIPC -cloudEnvironment production -licensingIpc LicenseClient-kanga -hubSessionId 8d075de0-eb3f-11ec-addb-c35c6dff8de9 -accessToken On5vv6uzuZZqBk8c2uuXGEsg61SiKilTKPIYIZiGnaE012f","communication_protocol_version":"1.5.0","com.unity.ml-agents_version":"2.2.1-exp.1","scene_name":"Inclination","end_time_seconds":"1655157565"}}