{"count":1,"self":1722.5267199999998,"total":11053.9713031,"children":{"InitializeActuators":{"count":1,"self":0.0019961,"total":0.0019961,"children":null},"InitializeSensors":{"count":1,"self":0.0029920999999999997,"total":0.0029920999999999997,"children":null},"AgentSendState":{"count":3806801,"self":322.33776639999996,"total":609.3509196,"children":{"CollectObservations":{"count":761361,"self":193.5447424,"total":193.5447366,"children":null},"WriteActionMask":{"count":761361,"self":1.0120719,"total":1.0120719,"children":null},"RequestDecision":{"count":761361,"self":5.306414,"total":92.4563398,"children":{"AgentInfo.ToProto":{"count":761361,"self":4.67471,"total":87.149925799999991,"children":{"GenerateSensorData":{"count":761361,"self":73.5527104,"total":82.475215699999993,"children":{"RayPerceptionSensor.Perceive":{"count":2284083,"self":8.9225023999999991,"total":8.9225025,"children":null}}}}}}}}},"DecideAction":{"count":3806801,"self":8679.104512,"total":8679.1046704,"children":null},"AgentAct":{"count":3806801,"self":42.8967168,"total":42.9619831,"children":{"AgentInfo.ToProto":{"count":708,"self":0.0040788,"total":0.0652661,"children":{"GenerateSensorData":{"count":708,"self":0.0552038,"total":0.0611873,"children":{"RayPerceptionSensor.Perceive":{"count":2124,"self":0.0059835,"total":0.0059835,"children":null}}}}}}},"AgentInfo.ToProto":{"count":183,"self":0.0029920999999999997,"total":0.0210915,"children":{"GenerateSensorData":{"count":183,"self":0.0171017,"total":0.018099399999999998,"children":{"RayPerceptionSensor.Perceive":{"count":549,"self":0.0009977,"total":0.0009977,"children":null}}}}}},"gauges":{"My Behavior.CumulativeReward":{"count":891,"max":2.99441743,"min":-2.71514487,"runningAverage":-0.572038054,"value":1.46212447,"weightedAverage":-0.170596778}},"metadata":{"timer_format_version":"0.1.0","start_time_seconds":"1652643294","unity_version":"2020.3.28f1","command_line_arguments":"C:\\Program Files\\Unity\\Hub\\Editor\\2020.3.28f1\\Editor\\Unity.exe -projectpath C:\\Users\\kanga\\Documents\\TFG\\Unity\\TFG -useHub -hubIPC -cloudEnvironment production -licensingIpc LicenseClient-kanga -hubSessionId 6a4a7700-d367-11ec-960e-73226674d618 -accessToken XP84ijPVa_gYmKHBngVI3Wm65xy9YuZ0jJpFDVlAalU012f","communication_protocol_version":"1.5.0","com.unity.ml-agents_version":"2.2.1-exp.1","scene_name":"MapaDeClases","end_time_seconds":"1652654348"}}