{
    "name": "root",
    "gauges": {
        "MyBehavior.Policy.Entropy.mean": {
            "value": 1.0332118272781372,
            "min": 0.9612914323806763,
            "max": 1.781861424446106,
            "count": 37
        },
        "MyBehavior.Policy.Entropy.sum": {
            "value": 10314.5537109375,
            "min": 9610.0302734375,
            "max": 17809.58203125,
            "count": 37
        },
        "MyBehavior.Step.mean": {
            "value": 369957.0,
            "min": 9971.0,
            "max": 369957.0,
            "count": 37
        },
        "MyBehavior.Step.sum": {
            "value": 369957.0,
            "min": 9971.0,
            "max": 369957.0,
            "count": 37
        },
        "MyBehavior.Policy.ExtrinsicValueEstimate.mean": {
            "value": 1.0755409002304077,
            "min": -0.42002713680267334,
            "max": 1.1074033975601196,
            "count": 37
        },
        "MyBehavior.Policy.ExtrinsicValueEstimate.sum": {
            "value": 231.2412872314453,
            "min": -66.36428833007812,
            "max": 253.73934936523438,
            "count": 37
        },
        "MyBehavior.Losses.PolicyLoss.mean": {
            "value": 0.4149029133653433,
            "min": 0.29116208441727964,
            "max": 0.4859472233451342,
            "count": 37
        },
        "MyBehavior.Losses.PolicyLoss.sum": {
            "value": 5.393737873749463,
            "min": 2.620458759755517,
            "max": 6.3173139034867445,
            "count": 37
        },
        "MyBehavior.Losses.ValueLoss.mean": {
            "value": 0.0043786807525346095,
            "min": 0.00045949970500361006,
            "max": 0.01057235701737778,
            "count": 37
        },
        "MyBehavior.Losses.ValueLoss.sum": {
            "value": 0.056922849782949925,
            "min": 0.0041354973450324906,
            "max": 0.11629592719115558,
            "count": 37
        },
        "MyBehavior.Policy.LearningRate.mean": {
            "value": 0.00028905513826367306,
            "min": 0.00028905513826367306,
            "max": 0.0002998388600537133,
            "count": 37
        },
        "MyBehavior.Policy.LearningRate.sum": {
            "value": 0.0037577167974277496,
            "min": 0.0026555446948184403,
            "max": 0.0040634285855238195,
            "count": 37
        },
        "MyBehavior.Policy.Epsilon.mean": {
            "value": 0.19635171153846154,
            "min": 0.19635171153846154,
            "max": 0.1999462866666667,
            "count": 37
        },
        "MyBehavior.Policy.Epsilon.sum": {
            "value": 2.55257225,
            "min": 1.7851815600000003,
            "max": 2.75447618,
            "count": 37
        },
        "MyBehavior.Policy.Beta.mean": {
            "value": 0.028905878290384615,
            "min": 0.028905878290384615,
            "max": 0.02998389137133333,
            "count": 37
        },
        "MyBehavior.Policy.Beta.sum": {
            "value": 0.375776417775,
            "min": 0.265555949844,
            "max": 0.40634740638199995,
            "count": 37
        },
        "MyBehavior.Environment.EpisodeLength.mean": {
            "value": 76.88372093023256,
            "min": 70.18705035971223,
            "max": 2132.4,
            "count": 37
        },
        "MyBehavior.Environment.EpisodeLength.sum": {
            "value": 9918.0,
            "min": 6413.0,
            "max": 13258.0,
            "count": 37
        },
        "MyBehavior.Environment.CumulativeReward.mean": {
            "value": 1.4708220618049381,
            "min": -0.7403333159163594,
            "max": 1.4905486745816288,
            "count": 37
        },
        "MyBehavior.Environment.CumulativeReward.sum": {
            "value": 188.26522391103208,
            "min": -7.157874978147447,
            "max": 204.77012392133474,
            "count": 37
        },
        "MyBehavior.Policy.ExtrinsicReward.mean": {
            "value": 1.4708220618049381,
            "min": -0.7403333159163594,
            "max": 1.4905486745816288,
            "count": 37
        },
        "MyBehavior.Policy.ExtrinsicReward.sum": {
            "value": 188.26522391103208,
            "min": -7.157874978147447,
            "max": 204.77012392133474,
            "count": 37
        },
        "MyBehavior.IsTraining.mean": {
            "value": 1.0,
            "min": 1.0,
            "max": 1.0,
            "count": 37
        },
        "MyBehavior.IsTraining.sum": {
            "value": 1.0,
            "min": 1.0,
            "max": 1.0,
            "count": 37
        }
    },
    "metadata": {
        "timer_format_version": "0.1.0",
        "start_time_seconds": "1652970062",
        "python_version": "3.7.11 (default, Jul 27 2021, 09:42:29) [MSC v.1916 64 bit (AMD64)]",
        "command_line_arguments": "C:\\Users\\kanga\\anaconda3\\envs\\ml-agents-r17\\Scripts\\mlagents-learn configuration.yaml --run-id=BasicAgent --force",
        "mlagents_version": "0.28.0",
        "mlagents_envs_version": "0.28.0",
        "communication_protocol_version": "1.5.0",
        "pytorch_version": "1.7.1+cu110",
        "numpy_version": "1.21.5",
        "end_time_seconds": "1652974717"
    },
    "total": 4655.137547599999,
    "count": 1,
    "self": 0.010651399999005662,
    "children": {
        "run_training.setup": {
            "total": 0.08967769999999997,
            "count": 1,
            "self": 0.08967769999999997
        },
        "TrainerController.start_learning": {
            "total": 4655.037218500001,
            "count": 1,
            "self": 9.081187200004024,
            "children": {
                "TrainerController._reset_env": {
                    "total": 22.7915712,
                    "count": 1,
                    "self": 22.7915712
                },
                "TrainerController.advance": {
                    "total": 4622.865821399996,
                    "count": 380879,
                    "self": 9.754278100083866,
                    "children": {
                        "env_step": {
                            "total": 4233.602471299845,
                            "count": 380879,
                            "self": 2509.0095836002606,
                            "children": {
                                "SubprocessEnvManager._take_step": {
                                    "total": 1718.8719424997169,
                                    "count": 380879,
                                    "self": 28.5685192994506,
                                    "children": {
                                        "TorchPolicy.evaluate": {
                                            "total": 1690.3034232002663,
                                            "count": 378725,
                                            "self": 380.0714359002088,
                                            "children": {
                                                "TorchPolicy.sample_actions": {
                                                    "total": 1310.2319873000574,
                                                    "count": 378725,
                                                    "self": 1310.2319873000574
                                                }
                                            }
                                        }
                                    }
                                },
                                "workers": {
                                    "total": 5.720945199867639,
                                    "count": 380878,
                                    "self": 0.0,
                                    "children": {
                                        "worker_root": {
                                            "total": 4621.021897799762,
                                            "count": 380878,