{
    "name": "root",
    "metadata": {
        "timer_format_version": "0.1.0",
        "start_time_seconds": "1653384837",
        "python_version": "3.7.11 (default, Jul 27 2021, 09:42:29) [MSC v.1916 64 bit (AMD64)]",
        "command_line_arguments": "C:\\Users\\kanga\\anaconda3\\envs\\ml-agents-r17\\Scripts\\mlagents-learn configuration.yaml --run-id=AgentWithClasses --resume",
        "mlagents_version": "0.28.0",
        "mlagents_envs_version": "0.28.0",
        "communication_protocol_version": "1.5.0",
        "pytorch_version": "1.7.1+cu110",
        "numpy_version": "1.21.5",
        "end_time_seconds": "1653384949"
    },
    "total": 111.0862939,
    "count": 1,
    "self": 0.018770000000003506,
    "children": {
        "run_training.setup": {
            "total": 0.20516429999999986,
            "count": 1,
            "self": 0.20516429999999986
        },
        "TrainerController.start_learning": {
            "total": 110.86235959999999,
            "count": 1,
            "self": 0.04062090000017804,
            "children": {
                "TrainerController._reset_env": {
                    "total": 84.9439203,
                    "count": 1,
                    "self": 84.9439203
                },
                "TrainerController.advance": {
                    "total": 25.64667319999981,
                    "count": 1088,
                    "self": 0.04195790000026989,
                    "children": {
                        "env_step": {
                            "total": 24.66888899999985,
                            "count": 1088,
                            "self": 14.709846099999808,
                            "children": {
                                "SubprocessEnvManager._take_step": {
                                    "total": 9.934527500000158,
                                    "count": 1088,
                                    "self": 0.18713150000014878,
                                    "children": {
                                        "TorchPolicy.evaluate": {
                                            "total": 9.747396000000009,
                                            "count": 1088,
                                            "self": 2.837688000000213,
                                            "children": {
                                                "TorchPolicy.sample_actions": {
                                                    "total": 6.909707999999796,
                                                    "count": 1088,
                                                    "self": 6.909707999999796
                                                }
                                            }
                                        }
                                    }
                                },
                                "workers": {
                                    "total": 0.024515399999884835,
                                    "count": 1088,
                                    "self": 0.0,
                                    "children": {
                                        "worker_root": {
                                            "total": 29.30099709999986,
                                            "count": 1088,
                                            "is_parallel": true,
                                            "self": 16.712405000000288,
                                            "children": {
                                                "steps_from_proto": {
                                                    "total": 0.0013840000000016062,
                                                    "count": 1,
                                                    "is_parallel": true,
                                                    "self": 0.0006508999999823573,
                                                    "children": {
                                                        "_process_rank_one_or_two_observation": {
                                                            "total": 0.0007331000000192489,
                                                            "count": 8,
                                                            "is_parallel": true,
                                                            "self": 0.0007331000000192489
                                                        }
                                                    }
                                                },
                                                "UnityEnvironment.step": {
                                                    "total": 12.587208099999572,
                                                    "count": 1088,
                                                    "is_parallel": true,
                                                    "self": 0.23025609999992014,
                                                    "children": {
                                                        "UnityEnvironment._generate_step_input": {
                                                            "total": 0.17521329999976842,
                                                            "count": 1088,
                                                            "is_parallel": true,
                                                            "self": 0.17521329999976842
                                                        },
                                                        "communicator.exchange": {
                                                            "total": 11.258154699999949,
                                                            "count": 1088,
                                                            "is_parallel": true,
                                                            "self": 11.258154699999949
                                                        },
                                                        "steps_from_proto": {
                                                            "total": 0.9235839999999342,
                                                            "count": 1088,
                                                            "is_parallel": true,
                                                            "self": 0.4088056000002638,
                                                            "children": {
                                                                "_process_rank_one_or_two_observation": {
                                                                    "total": 0.5147783999996705,
                                                                    "count": 8704,
                                                                    "is_parallel": true,
                                                                    "self": 0.5147783999996705
                                                                }
                                                            }
                                                        }
                                                    }
                                                }
                                            }
                                        }
                                    }
                                }
                            }
                        },
                        "trainer_advance": {
                            "total": 0.9358262999996896,
                            "count": 1088,
                            "self": 0.05219369999997525,
                            "children": {
                                "process_trajectory": {
                                    "total": 0.47145739999970715,
                                    "count": 1088,
                                    "self": 0.47145739999970715
                                },