{
    "name": "root",
    "gauges": {
        "MyBehavior.Policy.Entropy.mean": {
            "value": 1.7713350057601929,
            "min": 1.6825917959213257,
            "max": 1.7785305976867676,
            "count": 24
        },
        "MyBehavior.Policy.Entropy.sum": {
            "value": 17787.74609375,
            "min": 16905.0,
            "max": 17848.56640625,
            "count": 24
        },
        "MyBehavior.Environment.EpisodeLength.mean": {
            "value": 3449.0,
            "min": 655.8571428571429,
            "max": 7912.0,
            "count": 24
        },
        "MyBehavior.Environment.EpisodeLength.sum": {
            "value": 3449.0,
            "min": 3389.0,
            "max": 16197.0,
            "count": 24
        },
        "MyBehavior.Step.mean": {
            "value": 239989.0,
            "min": 9974.0,
            "max": 239989.0,
            "count": 24
        },
        "MyBehavior.Step.sum": {
            "value": 239989.0,
            "min": 9974.0,
            "max": 239989.0,
            "count": 24
        },
        "MyBehavior.Policy.GailValueEstimate.mean": {
            "value": 19.559234619140625,
            "min": 5.928837776184082,
            "max": 20.26764488220215,
            "count": 24
        },
        "MyBehavior.Policy.GailValueEstimate.sum": {
            "value": 3070.7998046875,
            "min": 960.4717407226562,
            "max": 3243.80126953125,
            "count": 24
        },
        "MyBehavior.Policy.ExtrinsicValueEstimate.mean": {
            "value": -0.12806005775928497,
            "min": -0.3115400969982147,
            "max": 0.18147294223308563,
            "count": 24
        },
        "MyBehavior.Policy.ExtrinsicValueEstimate.sum": {
            "value": -20.10542869567871,
            "min": -50.46949768066406,
            "max": 28.491252899169922,
            "count": 24
        },
        "MyBehavior.Environment.CumulativeReward.mean": {
            "value": 1.0688250111415982,
            "min": -1.4890875509008765,
            "max": 1.4179571554330843,
            "count": 24
        },
        "MyBehavior.Environment.CumulativeReward.sum": {
            "value": 1.0688250111415982,
            "min": -12.58097517862916,
            "max": 9.92570008803159,
            "count": 24
        },
        "MyBehavior.Policy.GailReward.mean": {
            "value": 776.2041349411011,
            "min": 180.64028462022543,
            "max": 1892.6086740493774,
            "count": 24
        },
        "MyBehavior.Policy.GailReward.sum": {
            "value": 776.2041349411011,
            "min": 361.28056924045086,
            "max": 4204.6009112894535,
            "count": 24
        },
        "MyBehavior.Policy.ExtrinsicReward.mean": {
            "value": 1.0688250111415982,
            "min": -1.4890875509008765,
            "max": 1.4179571554330843,
            "count": 24
        },
        "MyBehavior.Policy.ExtrinsicReward.sum": {
            "value": 1.0688250111415982,
            "min": -12.58097517862916,
            "max": 9.92570008803159,
            "count": 24
        },
        "MyBehavior.Losses.PolicyLoss.mean": {
            "value": 0.4553757716418693,
            "min": 0.3452168683463242,
            "max": 0.5088283100717321,
            "count": 24
        },
        "MyBehavior.Losses.PolicyLoss.sum": {
            "value": 4.098381944776824,
            "min": 3.230744416980694,
            "max": 4.840347842002909,
            "count": 24
        },
        "MyBehavior.Losses.ValueLoss.mean": {
            "value": 3.3709313072678118,
            "min": 1.6942674235596011,
            "max": 15.169342771723558,
            "count": 24
        },
        "MyBehavior.Losses.ValueLoss.sum": {
            "value": 30.338381765410304,
            "min": 16.942674235596012,
            "max": 151.69342771723558,
            "count": 24
        },
        "MyBehavior.Policy.LearningRate.mean": {
            "value": 0.0002929596323467899,
            "min": 0.0002929596323467899,
            "max": 0.00029984381005206335,
            "count": 24
        },
        "MyBehavior.Policy.LearningRate.sum": {
            "value": 0.0026366366911211095,
            "min": 0.0026366366911211095,
            "max": 0.00299255664248112,
            "count": 24
        },
        "MyBehavior.Policy.Epsilon.mean": {
            "value": 0.19765321000000002,
            "min": 0.19765321000000002,
            "max": 0.1999479366666667,
            "count": 24
        },
        "MyBehavior.Policy.Epsilon.sum": {
            "value": 1.77887889,
            "min": 1.77887889,
            "max": 1.99751888,
            "count": 24
        },
        "MyBehavior.Policy.Beta.mean": {
            "value": 0.029296197678999998,
            "min": 0.029296197678999998,
            "max": 0.02998438620633333,
            "count": 24
        },
        "MyBehavior.Policy.Beta.sum": {
            "value": 0.263665779111,
            "min": 0.263665779111,
            "max": 0.299255912112,
            "count": 24
        },
        "MyBehavior.Policy.GAILPolicyEstimate.mean": {
            "value": 0.2256621529339571,
            "min": 0.1574280674569309,
            "max": 0.3885584485165223,
            "count": 24
        },
        "MyBehavior.Policy.GAILPolicyEstimate.sum": {
            "value": 2.030959376405614,
            "min": 1.5742806745693088,
            "max": 3.497026036648701,
            "count": 24
        },
        "MyBehavior.Policy.GAILExpertEstimate.mean": {
            "value": 0.7837454105416932,
            "min": 0.6196388724363512,
            "max": 0.825230317066113,
            "count": 24
        },
        "MyBehavior.Policy.GAILExpertEstimate.sum": {
            "value": 7.053708694875239,
            "min": 5.57674985192716,
            "max": 8.252303170661131,
            "count": 24
        },
        "MyBehavior.Losses.GAILLoss.mean": {
            "value": 0.572983292793786,
            "min": 0.4103722769767046,
            "max": 1.1075860993177802,
            "count": 24
        },
        "MyBehavior.Losses.GAILLoss.sum": {
            "value": 5.1568496351440745,
            "min": 3.9906090702861547,
            "max": 9.968274893860022,
            "count": 24
        },
        "MyBehavior.Policy.GAILGradMagLoss.mean": {
            "value": 0.2364404873439559,
            "min": 0.19991354487525922,
            "max": 4.536719329103275,
            "count": 24
        },
        "MyBehavior.Policy.GAILGradMagLoss.sum": {
            "value": 2.127964386095603,
            "min": 1.825278553025176,
            "max": 40.83047396192948,
            "count": 24
        },
        "MyBehavior.IsTraining.mean": {
            "value": 1.0,
            "min": 1.0,
            "max": 1.0,
            "count": 24
        },
        "MyBehavior.IsTraining.sum": {
            "value": 1.0,
            "min": 1.0,
            "max": 1.0,
            "count": 24
        }
    },
    "metadata": {
        "timer_format_version": "0.1.0",
        "start_time_seconds": "1653252650",
        "python_version": "3.7.11 (default, Jul 27 2021, 09:42:29) [MSC v.1916 64 bit (AMD64)]",
        "command_line_arguments": "C:\\Users\\kanga\\anaconda3\\envs\\ml-agents-r17\\Scripts\\mlagents-learn configurationImitation.yaml --run-id=AgentWithClassesRecord1",
        "mlagents_version": "0.28.0",
        "mlagents_envs_version": "0.28.0",
        "communication_protocol_version": "1.5.0",
        "pytorch_version": "1.7.1+cu110",
        "numpy_version": "1.21.5",
        "end_time_seconds": "1653255833"
    },
    "total": 3183.4597321,
    "count": 1,
    "self": 0.008885799999916344,
    "children": {
        "run_training.setup": {
            "total": 0.09070409999999995,
            "count": 1,
            "self": 0.09070409999999995
        },