{
    "name": "root",
    "gauges": {
        "MyBehavior.Policy.Entropy.mean": {
            "value": 1.7784830331802368,
            "min": 1.6485741138458252,
            "max": 1.7819241285324097,
            "count": 42
        },
        "MyBehavior.Policy.Entropy.sum": {
            "value": 17756.375,
            "min": 16564.873046875,
            "max": 17866.13671875,
            "count": 42
        },
        "MyBehavior.Step.mean": {
            "value": 419950.0,
            "min": 9984.0,
            "max": 419950.0,
            "count": 42
        },
        "MyBehavior.Step.sum": {
            "value": 419950.0,
            "min": 9984.0,
            "max": 419950.0,
            "count": 42
        },
        "MyBehavior.Policy.ExtrinsicValueEstimate.mean": {
            "value": -0.03480593115091324,
            "min": -0.5497716069221497,
            "max": 0.22982406616210938,
            "count": 42
        },
        "MyBehavior.Policy.ExtrinsicValueEstimate.sum": {
            "value": -5.429725170135498,
            "min": -85.76437377929688,
            "max": 36.08237838745117,
            "count": 42
        },
        "MyBehavior.Policy.GailValueEstimate.mean": {
            "value": 31.975948333740234,
            "min": 7.321705341339111,
            "max": 40.782928466796875,
            "count": 42
        },
        "MyBehavior.Policy.GailValueEstimate.sum": {
            "value": 4988.248046875,
            "min": 1142.18603515625,
            "max": 6402.919921875,
            "count": 42
        },
        "MyBehavior.Losses.PolicyLoss.mean": {
            "value": 0.3117674622443263,
            "min": 0.14238000802557776,
            "max": 0.5577956710821362,
            "count": 42
        },
        "MyBehavior.Losses.PolicyLoss.sum": {
            "value": 2.8059071601989367,
            "min": 1.2814200722301998,
            "max": 5.020161039739226,
            "count": 42
        },
        "MyBehavior.Losses.ValueLoss.mean": {
            "value": 18.23095602311056,
            "min": 1.4704493453458847,
            "max": 40.86154800087766,
            "count": 42
        },
        "MyBehavior.Losses.ValueLoss.sum": {
            "value": 164.07860420799506,
            "min": 13.234044108112963,
            "max": 367.7539320078989,
            "count": 42
        },
        "MyBehavior.Policy.LearningRate.mean": {
            "value": 0.00028755318414894,
            "min": 0.00028755318414894,
            "max": 0.0002998368000544,
            "count": 42
        },
        "MyBehavior.Policy.LearningRate.sum": {
            "value": 0.0025879786573404597,
            "min": 0.0025879786573404597,
            "max": 0.0029835168054943993,
            "count": 42
        },
        "MyBehavior.Policy.Epsilon.mean": {
            "value": 0.19585106,
            "min": 0.19585106,
            "max": 0.19994560000000003,
            "count": 42
        },
        "MyBehavior.Policy.Epsilon.sum": {
            "value": 1.76265954,
            "min": 1.76265954,
            "max": 1.9945056000000003,
            "count": 42
        },
        "MyBehavior.Policy.Beta.mean": {
            "value": 0.019170626894,
            "min": 0.019170626894,
            "max": 0.019989125439999998,
            "count": 42
        },
        "MyBehavior.Policy.Beta.sum": {
            "value": 0.172535642046,
            "min": 0.172535642046,
            "max": 0.19890166944,
            "count": 42
        },
        "MyBehavior.Policy.GAILPolicyEstimate.mean": {
            "value": 0.16065717824407058,
            "min": 0.08175524586759922,
            "max": 0.3072020505141053,
            "count": 42
        },
        "MyBehavior.Policy.GAILPolicyEstimate.sum": {
            "value": 1.4459146041966353,
            "min": 0.7357972128083929,
            "max": 2.8345114596498515,
            "count": 42
        },
        "MyBehavior.Policy.GAILExpertEstimate.mean": {
            "value": 0.8374446520098933,
            "min": 0.721084872605624,
            "max": 0.8739670272226686,
            "count": 42
        },
        "MyBehavior.Policy.GAILExpertEstimate.sum": {
            "value": 7.53700186808904,
            "min": 6.489763853450616,
            "max": 8.197234605749449,
            "count": 42
        },
        "MyBehavior.Losses.GAILLoss.mean": {
            "value": 0.41082346546291204,
            "min": 0.24606771370465003,
            "max": 0.7584240379984731,
            "count": 42
        },
        "MyBehavior.Losses.GAILLoss.sum": {
            "value": 3.6974111891662083,
            "min": 2.2146094233418503,
            "max": 6.995984120915334,
            "count": 42
        },
        "MyBehavior.Policy.GAILGradMagLoss.mean": {
            "value": 0.2110639136905471,
            "min": 0.1672760712138067,
            "max": 5.449083074375435,
            "count": 42
        },
        "MyBehavior.Policy.GAILGradMagLoss.sum": {
            "value": 1.8995752232149241,
            "min": 1.530438881367445,
            "max": 49.041747669378914,
            "count": 42
        },
        "MyBehavior.Environment.EpisodeLength.mean": {
            "value": 7999.0,
            "min": 2889.25,
            "max": 7999.0,
            "count": 42
        },
        "MyBehavior.Environment.EpisodeLength.sum": {
            "value": 7999.0,
            "min": 4227.0,
            "max": 15998.0,
            "count": 42
        },
        "MyBehavior.Environment.CumulativeReward.mean": {
            "value": -0.9999000476673245,
            "min": -7.693285908550024,
            "max": 1.9715002179145813,
            "count": 42
        },
        "MyBehavior.Environment.CumulativeReward.sum": {
            "value": -0.9999000476673245,
            "min": -16.63177238125354,
            "max": 1.9715002179145813,
            "count": 42
        },
        "MyBehavior.Policy.ExtrinsicReward.mean": {
            "value": -0.9999000476673245,
            "min": -7.693285908550024,
            "max": 1.9715002179145813,
            "count": 42
        },
        "MyBehavior.Policy.ExtrinsicReward.sum": {
            "value": -0.9999000476673245,
            "min": -16.63177238125354,
            "max": 1.9715002179145813,
            "count": 42
        },
        "MyBehavior.Policy.GailReward.mean": {
            "value": 715.349913418293,
            "min": 557.9396217390895,
            "max": 4542.142319560051,
            "count": 42
        },
        "MyBehavior.Policy.GailReward.sum": {
            "value": 715.349913418293,
            "min": 557.9396217390895,
            "max": 7791.591362953186,
            "count": 42
        },
        "MyBehavior.IsTraining.mean": {
            "value": 1.0,
            "min": 1.0,
            "max": 1.0,
            "count": 42
        },
        "MyBehavior.IsTraining.sum": {
            "value": 1.0,
            "min": 1.0,
            "max": 1.0,
            "count": 42
        }
    },
    "metadata": {
        "timer_format_version": "0.1.0",
        "start_time_seconds": "1653326507",
        "python_version": "3.7.11 (default, Jul 27 2021, 09:42:29) [MSC v.1916 64 bit (AMD64)]",
        "command_line_arguments": "C:\\Users\\kanga\\anaconda3\\envs\\ml-agents-r17\\Scripts\\mlagents-learn configurationImitation.yaml --run-id=CheckPointsRecord1 --force",
        "mlagents_version": "0.28.0",
        "mlagents_envs_version": "0.28.0",
        "communication_protocol_version": "1.5.0",
        "pytorch_version": "1.7.1+cu110",
        "numpy_version": "1.21.5",
        "end_time_seconds": "1653333663"
    },
    "total": 7155.5720318,
    "count": 1,
    "self": 0.010936300000139454,
    "children": {
        "run_training.setup": {
            "total": 0.12098150000000008,
            "count": 1,
            "self": 0.12098150000000008
        },
        "TrainerController.start_learning": {
            "total": 7155.440114,