{
    "name": "root",
    "gauges": {
        "MyBehavior.Policy.Entropy.mean": {
            "value": 1.7268604040145874,
            "min": 1.6549674272537231,
            "max": 1.788772702217102,
            "count": 116
        },
        "MyBehavior.Policy.Entropy.sum": {
            "value": 16538.142578125,
            "min": 14159.9013671875,
            "max": 20532.75,
            "count": 116
        },
        "MyBehavior.Environment.EpisodeLength.mean": {
            "value": 637.4666666666667,
            "min": 320.8484848484849,
            "max": 2513.8333333333335,
            "count": 116
        },
        "MyBehavior.Environment.EpisodeLength.sum": {
            "value": 9562.0,
            "min": 4757.0,
            "max": 15083.0,
            "count": 116
        },
        "MyBehavior.Step.mean": {
            "value": 1159691.0,
            "min": 9819.0,
            "max": 1159691.0,
            "count": 116
        },
        "MyBehavior.Step.sum": {
            "value": 1159691.0,
            "min": 9819.0,
            "max": 1159691.0,
            "count": 116
        },
        "MyBehavior.Policy.ExtrinsicValueEstimate.mean": {
            "value": -0.11000493913888931,
            "min": -0.2813793420791626,
            "max": 0.31174737215042114,
            "count": 116
        },
        "MyBehavior.Policy.ExtrinsicValueEstimate.sum": {
            "value": -1.8700839281082153,
            "min": -5.269504070281982,
            "max": 6.546694755554199,
            "count": 116
        },
        "MyBehavior.Environment.CumulativeReward.mean": {
            "value": -0.9174866636594137,
            "min": -1.3670350432395935,
            "max": -0.07334164281686147,
            "count": 116
        },
        "MyBehavior.Environment.CumulativeReward.sum": {
            "value": -13.762299954891205,
            "min": -29.376399636268616,
            "max": -0.8800997138023376,
            "count": 116
        },
        "MyBehavior.Policy.ExtrinsicReward.mean": {
            "value": -0.9174866636594137,
            "min": -1.3670350432395935,
            "max": -0.07334164281686147,
            "count": 116
        },
        "MyBehavior.Policy.ExtrinsicReward.sum": {
            "value": -13.762299954891205,
            "min": -29.376399636268616,
            "max": -0.8800997138023376,
            "count": 116
        },
        "MyBehavior.Losses.PolicyLoss.mean": {
            "value": 0.37752858451832544,
            "min": 0.25874129913252597,
            "max": 0.47508134945355146,
            "count": 116
        },
        "MyBehavior.Losses.PolicyLoss.sum": {
            "value": 2.2651715071099527,
            "min": 1.10526347088251,
            "max": 3.6361620946217776,
            "count": 116
        },
        "MyBehavior.Losses.ValueLoss.mean": {
            "value": 0.014998801892129736,
            "min": 0.004254306258523978,
            "max": 0.04475404704721921,
            "count": 116
        },
        "MyBehavior.Losses.ValueLoss.sum": {
            "value": 0.08999281135277841,
            "min": 0.02127153129261989,
            "max": 0.3132783293305345,
            "count": 116
        },
        "MyBehavior.Policy.LearningRate.mean": {
            "value": 0.00026534032655322834,
            "min": 0.00026534032655322834,
            "max": 0.0002998241486300457,
            "count": 116
        },
        "MyBehavior.Policy.LearningRate.sum": {
            "value": 0.00159204195931937,
            "min": 0.00110342814219063,
            "max": 0.0023939539220153598,
            "count": 116
        },
        "MyBehavior.Policy.Epsilon.mean": {
            "value": 0.18844677166666668,
            "min": 0.18844677166666668,
            "max": 0.19994138285714286,
            "count": 116
        },
        "MyBehavior.Policy.Epsilon.sum": {
            "value": 1.13068063,
            "min": 0.7678093699999999,
            "max": 1.59798464,
            "count": 116
        },
        "MyBehavior.Policy.Beta.mean": {
            "value": 0.026535186822833335,
            "min": 0.026535186822833335,
            "max": 0.029982420718857147,
            "count": 116
        },
        "MyBehavior.Policy.Beta.sum": {
            "value": 0.15921112093700002,
            "min": 0.11034603006299999,
            "max": 0.239395593536,
            "count": 116
        },
        "MyBehavior.IsTraining.mean": {
            "value": 1.0,
            "min": 1.0,
            "max": 1.0,
            "count": 116
        },
        "MyBehavior.IsTraining.sum": {
            "value": 1.0,
            "min": 1.0,
            "max": 1.0,
            "count": 116
        }
    },
    "metadata": {
        "timer_format_version": "0.1.0",
        "start_time_seconds": "1652520864",
        "python_version": "3.7.11 (default, Jul 27 2021, 09:42:29) [MSC v.1916 64 bit (AMD64)]",
        "command_line_arguments": "C:\\Users\\kanga\\anaconda3\\envs\\ml-agents-r17\\Scripts\\mlagents-learn configuration3.yaml --run-id=AgentWithClasses3",
        "mlagents_version": "0.28.0",
        "mlagents_envs_version": "0.28.0",
        "communication_protocol_version": "1.5.0",
        "pytorch_version": "1.7.1+cu110",
        "numpy_version": "1.21.5",
        "end_time_seconds": "1652534580"
    },
    "total": 13715.5276591,
    "count": 1,
    "self": 0.008096300000033807,
    "children": {
        "run_training.setup": {
            "total": 0.08871169999999995,
            "count": 1,
            "self": 0.08871169999999995
        },
        "TrainerController.start_learning": {
            "total": 13715.4308511,
            "count": 1,
            "self": 26.855499500094083,
            "children": {
                "TrainerController._reset_env": {
                    "total": 26.2658311,
                    "count": 1,
                    "self": 26.2658311
                },
                "TrainerController.advance": {
                    "total": 13662.089952499906,
                    "count": 1167128,
                    "self": 28.31865989983089,
                    "children": {
                        "env_step": {
                            "total": 12666.805888599532,
                            "count": 1167128,
                            "self": 7364.576658798419,
                            "children": {
                                "SubprocessEnvManager._take_step": {
                                    "total": 5284.764365200501,
                                    "count": 1167128,
                                    "self": 78.68071000125929,
                                    "children": {
                                        "TorchPolicy.evaluate": {
                                            "total": 5206.083655199242,
                                            "count": 1165542,
                                            "self": 1189.3478607981565,
                                            "children": {
                                                "TorchPolicy.sample_actions": {
                                                    "total": 4016.735794401085,
                                                    "count": 1165542,
                                                    "self": 4016.735794401085
                                                }
                                            }
                                        }
                                    }
                                },
                                "workers": {
                                    "total": 17.46486460061286,
                                    "count": 1167127,
                                    "self": 0.0,
                                    "children": {
                                        "worker_root": {
                                            "total": 13653.655319000565,
                                            "count": 1167127,