{
    "name": "root",
    "gauges": {
        "MyBehavior.Policy.Entropy.mean": {
            "value": 1.5554944276809692,
            "min": 1.5554944276809692,
            "max": 1.6967930793762207,
            "count": 3
        },
        "MyBehavior.Policy.Entropy.sum": {
            "value": 15502.0576171875,
            "min": 8126.49609375,
            "max": 17013.744140625,
            "count": 3
        },
        "MyBehavior.Environment.EpisodeLength.mean": {
            "value": 156.26666666666668,
            "min": 153.125,
            "max": 416.7916666666667,
            "count": 3
        },
        "MyBehavior.Environment.EpisodeLength.sum": {
            "value": 4688.0,
            "min": 4688.0,
            "max": 10003.0,
            "count": 3
        },
        "MyBehavior.Step.mean": {
            "value": 249963.0,
            "min": 229970.0,
            "max": 249963.0,
            "count": 3
        },
        "MyBehavior.Step.sum": {
            "value": 249963.0,
            "min": 229970.0,
            "max": 249963.0,
            "count": 3
        },
        "MyBehavior.Policy.ExtrinsicValueEstimate.mean": {
            "value": 0.6566778421401978,
            "min": 0.2736922800540924,
            "max": 0.6566778421401978,
            "count": 3
        },
        "MyBehavior.Policy.ExtrinsicValueEstimate.sum": {
            "value": 114.2619400024414,
            "min": 46.253997802734375,
            "max": 114.2619400024414,
            "count": 3
        },
        "MyBehavior.Environment.CumulativeReward.mean": {
            "value": 1.4804666647687554,
            "min": 1.2395656171332423,
            "max": 1.4804666647687554,
            "count": 3
        },
        "MyBehavior.Environment.CumulativeReward.sum": {
            "value": 44.41399994306266,
            "min": 29.749574811197817,
            "max": 44.41399994306266,
            "count": 3
        },
        "MyBehavior.Policy.ExtrinsicReward.mean": {
            "value": 1.4804666647687554,
            "min": 1.2395656171332423,
            "max": 1.4804666647687554,
            "count": 3
        },
        "MyBehavior.Policy.ExtrinsicReward.sum": {
            "value": 44.41399994306266,
            "min": 29.749574811197817,
            "max": 44.41399994306266,
            "count": 3
        },
        "MyBehavior.Losses.PolicyLoss.mean": {
            "value": 0.4267280601391879,
            "min": 0.28685637358685195,
            "max": 0.4369802465817581,
            "count": 3
        },
        "MyBehavior.Losses.PolicyLoss.sum": {
            "value": 4.267280601391879,
            "min": 2.1849012329087905,
            "max": 4.267280601391879,
            "count": 3
        },
        "MyBehavior.Losses.ValueLoss.mean": {
            "value": 0.005679658944245603,
            "min": 0.003314011112991011,
            "max": 0.020528260951353634,
            "count": 3
        },
        "MyBehavior.Losses.ValueLoss.sum": {
            "value": 0.05679658944245603,
            "min": 0.03314011112991011,
            "max": 0.10264130475676818,
            "count": 3
        },
        "MyBehavior.Policy.LearningRate.mean": {
            "value": 0.000292657238447588,
            "min": 0.000292657238447588,
            "max": 0.000293164658278448,
            "count": 3
        },
        "MyBehavior.Policy.LearningRate.sum": {
            "value": 0.00292657238447588,
            "min": 0.00146582329139224,
            "max": 0.00292946576351142,
            "count": 3
        },
        "MyBehavior.Policy.Epsilon.mean": {
            "value": 0.197552412,
            "min": 0.197552412,
            "max": 0.19772155200000002,
            "count": 3
        },
        "MyBehavior.Policy.Epsilon.sum": {
            "value": 1.9755241200000002,
            "min": 0.9886077600000002,
            "max": 1.97648858,
            "count": 3
        },
        "MyBehavior.Policy.Beta.mean": {
            "value": 0.0292659683588,
            "min": 0.0292659683588,
            "max": 0.029316693444799997,
            "count": 3
        },
        "MyBehavior.Policy.Beta.sum": {
            "value": 0.292659683588,
            "min": 0.14658346722399998,
            "max": 0.292948925142,
            "count": 3
        },
        "MyBehavior.IsTraining.mean": {
            "value": 1.0,
            "min": 1.0,
            "max": 1.0,
            "count": 3
        },
        "MyBehavior.IsTraining.sum": {
            "value": 1.0,
            "min": 1.0,
            "max": 1.0,
            "count": 3
        }
    },
    "metadata": {
        "timer_format_version": "0.1.0",
        "start_time_seconds": "1651778009",
        "python_version": "3.7.11 (default, Jul 27 2021, 09:42:29) [MSC v.1916 64 bit (AMD64)]",
        "command_line_arguments": "C:\\Users\\kanga\\anaconda3\\envs\\ml-agents-r17\\Scripts\\mlagents-learn configuration.yaml --run-id=Test4 --resume",
        "mlagents_version": "0.28.0",
        "mlagents_envs_version": "0.28.0",
        "communication_protocol_version": "1.5.0",
        "pytorch_version": "1.7.1+cu110",
        "numpy_version": "1.21.5",
        "end_time_seconds": "1651778341"
    },
    "total": 331.946649,
    "count": 1,
    "self": 0.006001399999945534,
    "children": {
        "run_training.setup": {
            "total": 0.0916269999999999,
            "count": 1,
            "self": 0.0916269999999999
        },
        "TrainerController.start_learning": {
            "total": 331.8490206,
            "count": 1,
            "self": 0.6329648000010479,
            "children": {
                "TrainerController._reset_env": {
                    "total": 8.3760193,
                    "count": 1,
                    "self": 8.3760193
                },
                "TrainerController.advance": {
                    "total": 322.6670690999989,
                    "count": 28537,
                    "self": 0.6493176999990169,
                    "children": {
                        "env_step": {
                            "total": 297.64156349999666,
                            "count": 28537,
                            "self": 174.88925369999936,
                            "children": {
                                "SubprocessEnvManager._take_step": {
                                    "total": 122.3455924999992,
                                    "count": 28537,
                                    "self": 1.983890299996986,
                                    "children": {
                                        "TorchPolicy.evaluate": {
                                            "total": 120.36170220000221,
                                            "count": 28459,
                                            "self": 26.076924800000214,
                                            "children": {
                                                "TorchPolicy.sample_actions": {
                                                    "total": 94.284777400002,
                                                    "count": 28459,
                                                    "self": 94.284777400002
                                                }
                                            }
                                        }
                                    }
                                },
                                "workers": {
                                    "total": 0.4067172999981157,
                                    "count": 28536,
                                    "self": 0.0,
                                    "children": {
                                        "worker_root": {
                                            "total": 324.0177032999988,
                                            "count": 28536,
                                            "is_parallel": true,
                                            "self": 180.00034459999821,